Sequence,kd_hydrophobicitya,amino_acid_residues
ERKVDFLEENITALLEEAQIQQEKNMYELQKLNSW,aaadaddaaadbcddaacadaaaaacbadaadabb,cccacaaccbabaaaccababbccbabcabcabba
FLEENITALLEEAQIQQEKNMYELQKLNSWDVFGN,ddaaadbcddaacadaaaaacbadaadabbaddba,aaccbabaaaccababbccbabcabcabbacaabb
WQEWERKVDFLEENITALLEEAQIQQEKNMYELQK,baabaaadaddaaadbcddaacadaaaaacbadaa,abcacccacaaccbabaaaccababbccbabcabc
QKKCPGRCTLKCGKHERPTLPYNCGKYICCVPVKVK,aaadbbadbdadbaaaabbdbbadbabddddbdada,bccbabcbbacbbccccabaabbbbcbabbaaacac
AVSPTTLRTEVVKTFRRDKPFPHRMDCVTT,cdbbbbdabaddabdaaaabdbaacaddbb,aababbacbcaacbaccccaaaccacbabb
LAEGPPVKECAVTCRYDKDADINVVTQARN,dcabbbdaadcdbdabaaacadaddbacaa,aacbaaaccbaabbcbcccacabaabbacb
VSRRYLASLHKKALPTSVTFELLFDGTNPS,dbaabdcbdaaacdbbbdbdadddabbabb,abccbaabacccaaabbabacaaacbbbab
VEENMKKLEERLKKREELFKKQEEWFKKWFERSKKFT,daaacaadaaadaaaaaddaaaaabdaabdaabaadb,accbaccacccacccccaaccbccaaccaaccbccab
VRDNMAKLRERLKQRQQLFDSQQGWFEGWFNRSPWFT,daaaccadaaadaaaaaddabaabbdabbdaabbbdb,accbaacacccacbcbbaacbbbbaacbaabcbaaab
EWYNQTKDLQQKFYEIIMDIEQNNVQGKKGIQQLQ,abbaabaadaaadbaddcadaaaadabaabdaada,cabbbbccabbcabcaaacacbbbabbccbabbab
ITLGEWYNQTKDLQQKFYEIIMDIEQNNVQGKKGI,dbdbabbaabaadaaadbaddcadaaaadabaabd,ababcabbbbccabbcabcaaacacbbbabbccba
IWNHGNLTLGEWYNQTKDLQQKFYEIITMDIEQNNV,dbaabadbdbabbaabaadaaadbaddbcadaaaad,aabcbbababcabbbbccabbcabcaabacacbbba
TKDLQQKFYEIIMDIEQNNVQGKKGIQQLQKWEDW,baadaaadbaddcadaaaadabaabdaadaabaab,bccabbcabcaaacacbbbabbccbabbabcacca
AGAGTGATAIGMVTQYHQVL,cbcbbbcbcdbcdbabaadd,ababbbabaabaabbbcbaa
CNCTNSSSSYSGTKMACPSNRG,dadbabbbbbbbbaccdbbaab,bbbbbbbbbbbbbcaababbcb
EGGTLGNWAREIWATLFKKA,abbbdbabcaadbcbddaac,cbbbabbaaccaaabaacca
EGPGLGNWAREIWATLFKKA,abbbdbabcaadbcbddaac,cbababbaaccaaabaacca
EGPTGGNWAREIWATLFKKA,abbbbbabcaadbcbddaac,cbabbbbaaccaaabaacca
EGPTLGGWAREIWATLFKKA,abbbdbbbcaadbcbddaac,cbababbaaccaaabaacca
EGPTLGNWAGEIWATLFKKA,abbbdbabcbadbcbddaac,cbababbaabcaaabaacca
EGPTLGNWAREGWATLFKKA,abbbdbabcaabbcbddaac,cbababbaaccbaabaacca
EGPTLGNWAREIWAGLFKKA,abbbdbabcaadbcbddaac,cbababbaaccaaabaacca
EGPTLGNWAREIWATGFKKA,abbbdbabcaadbcbbdaac,cbababbaaccaaabbacca
EGPTLGNWAREIWATLFKGA,abbbdbabcaadbcbddabc,cbababbaaccaaabaacba
EGPTLGNWAREIWATLFKKG,abbbdbabcaadbcbddaab,cbababbaaccaaabaaccb
EGPTLGNWAREIWATLGKKA,abbbdbabcaadbcbdbaac,cbababbaaccaaababcca
EGPTLGNWAREIWGTLFKKA,abbbdbabcaadbbbddaac,cbababbaaccaabbaacca
EGPTLGNWARGIWATLFKKA,abbbdbabcabdbcbddaac,cbababbaacbaaabaacca
EGPTLGNWGREIWATLFKKA,abbbdbabbaadbcbddaac,cbababbabccaaabaacca
EIWATLFKKATRQCRRGRIW,adbcbddaacbaadaabadb,caaabaaccabcbbccbcaa
GGPTLGNWAREIWATLFKKA,bbbbdbabcaadbcbddaac,bbababbaaccaaabaacca
HVMLALATVLSIAGAGTGATAI,adcdcdcbddbdcbcbbbcbcd,caaaaaabaabaababbbabaa
IGLKVEAMEKFLYTAFAMQE,dbdadaccaaddbbcdccaa,abacacaaccaabbaaaabc
IGNIPQYLKGLLGGILGIGL,dbadbabdabddbbddbdbd,abbaabbacbaabbaababa
LLGGILGIGLGVLLLILCLP,ddbbddbdbdbddddddddb,aabbaabababaaaaaabaa
NVQGKTGIQQLQKWEDWVRW,adababbdaadaabaabdab,babbcbbabbabcaccaaca
PDYLLVPEEVMEYKPRRKRAAI,babdddbaadcababaaaaccd,acbaaaaccaacbcaccccaaa
RGILRNWYNPFAGLRQSLEQ,abddaabbabdcbdaabdaa,cbaacbabbaaabacbbacb
SGTKMACPSNRGILRNWYNP,bbbaccdbbaabddaabbab,bbbcaababbcbaacbabba
TGALKINNLRLVTLEHQVLV,bbcdadaadaddbdaaaddd,bbaacabbacaabaccbaaa
TRQCRRGRIWKRWNETITGP,baadaabadbaabaabdbbb,bcbbccbcaaccabcbabba
YKPRRKRAAIHVMLALATVLSI,babaaaaccdadcdcdcbddbd,bcaccccaaacaaaaaabaaba
KHMHWHPPALNT,aacababbcdab,ccacacaaaabb
LPRRLHLEPAFLPYSVKAHECC,dbaadadabcddbbbdacaadd,aaccacacaaaaabbacaccbb
SFAIKWEYVLLLFLL,bdcdababddddddd,baaacacbaaaaaaa
SWLRDIWDWLCELLSDFK,bbdaadbabddaddbada,baaccaacaabcaabcac
SWLRDLWDWICELLSDFK,bbdaadbabddaddbada,baaccaacaabcaabcac
SWLRDLWDWLCEVLSDFK,bbdaadbabddaddbada,baaccaacaabcaabcac
SGSWLRDIWDWICEVLSDFK,bbbbdaadbabddaddbada,bbbaaccaacaabcaabcac
SWLRDIWDWICEVLSDFKTW,bbdaadbabddaddbadabb,baaccaacaabcaabcacba
SWRLIDWDWICEVLSDFK,bbaddababddaddbada,bacaacacaabcaabcac
KFDSLVECIWDWIDRLWS,adabddaddbabdaadbb,cacbaacbaacaaccaab
KWLCRIWSWISDVLDDFE,abddadbbbdbaddaada,caabcaabaabcaaccac
SIWRDWVDLICEFLSDWK,bdbaabdadddaddbaba,baaccaacaabcaabcac
SWLRDVWDWICTVLTDFK,bbdaadbabddbddbada,baaccaacaabbaabcac
SWLRDVWDWVCTILTDFK,bbdaadbabddbddbada,baaccaacaabbaabcac
DWLRIIWDWVCSVVSDFK,abdaddbabddbddbada,caacaaacaabbaabcac
SWLWEVWDWVLHVLSDFK,bbdbadbabddaddbada,baaacaacaaacaabcac
SWLRDVWDWVCTVLSDFK,bbdaadbabddbddbada,baaccaacaabbaabcac
SWLDDIWDWICEVLSDFE,bbdaadbabddaddbada,baaccaacaabcaabcac
SWLDRIWRWICKVLSRFE,bbdaadbabddaddbada,baaccaacaabcaabcac
SWLRDIWRWICKVLSRFK,bbdaadbabddaddbada,baaccaacaabcaabcac
VALDPIDISIELNKAKSDLEESKEWIRRSNQKLDSD,dcdabdadbdadaacabadaabaabdaabaaadaba,aaacaacabacabcacbcaccbccaaccbbbcacbc
AKITFTNNHPRTIWP,cadbdbaaababdbb,acababbbcacbaaa
CGESCAMISFCFTEVIGCSCKNKVCYLNSIS,dbabdccdbdddbaddbdbdaaaddbdabdb,bbcbbaaabababcaabbbbcbcabbabbab
CGESCVFIPCITSVAGCSCKSKVCYRNGIP,dbabddddbddbbdcbdbdabaddbaabdb,bbcbbaaaababbaabbbbcbcabbcbbaa
CGSVFLVGQLFTFSPRHH,dbbddddbaddbdbbaaa,bbbaaaabbaababaccc
CLGVGSCNDFAGCGYAIVCFW,ddbdbbdaadcbdbbcddddb,bababbbbcaabbbbaaabaa
DCPNGPWVWVPAFCQAVGWG,adbabbbdbdbcddacdbbb,cbabbaaaaaaaabbaabab
DREINNYTSLIHSLIEESQNQQEKNEQELLELDKWA,aaadaabbbddabddaabaaaaaaaaaaddadaabc,cccabbbbbaacbaaccbbbbbccbcbcaacaccaa
EELAKKAEELAKKAEELAKKAEELAKKAWASLWNWF,aadcaacaadcaacaadcaacaadcaacbcbdbabd,ccaaccaccaaccaccaaccaccaaccaaabaabaa
GADFQECMKEHSQKQHQHQG,bcadaadcaaabaaaaaaab,bacabcbacccbbcbcbcbb
GDPTFCGETCRVIPVCTYSAALGCTCDDRSDGLCKRN,babbddbabdaddbddbbbccdbdbdaaababddaaa,bcababbcbbcaaaabbbbaaabbbbcccbcbabccb
GFCRCICTRGFCRCICTR,bddadddbabddadddba,babcbabbcbabcbabbc
GFCRCLCRRGVCRCICTR,bddadddaabddadddba,babcbabccbabcbabbc
GIGGKILSGLKTALKGAAKELASTYLH,bdbbaddbbdabcdabccaadcbbbda,babbcaabbacbaacbaaccaabbbac
GIGTKILGGVKTALKGALKELASTYAN,bdbbaddbbdabcdabcdaadcbbbca,babbcaabbacbaacbaaccaabbbab
GIKEFKREFQRIKDFLRNLV,bdaadaaadaadaaddaadd,baccacccabcaccaacbaa
GIKEFKRIVQRIKDFLRNLV,bdaadaaddaadaaddaadd,baccaccaabcaccaacbaa
GIKYFSMVGNWAKVLVVL,bdabdbcdbabcaddddd,bacbabaabbaacaaaaa
GIPCAESCVWIPCTVTALVGCSCSDKVCYN,bdbdcabddbdbdbdbcddbdbdbaaddba,baabacbbaaaabbabaaabbbbbccabbb
GIPCGESCVFIPCLTTVAGCSCKNKVCYRN,bdbdbabddddbddbbdcbdbdaaaddbaa,baabbcbbaaaababbaabbbbcbcabbcb
GLPICGETCVGGTCNTPGCSCSWPVCTRN,bdbddbabddbbbdabbbdbdbbbddbaa,baaabbcbbabbbbbbabbbbbaaabbcb
GPWVWVPAFCQAVGWGDPIT,bbbdbdbcddacdbbbabdb,baaaaaaaabbaababcaab
GRFKRFRKKFKKLFKKIS,badaadaaadaaddaadb,bcaccacccaccaaccab
GTACGESCYVLPCFTVGCTCTSSQCFKN,bbcdbabdbddbddbdbdbdbbbaddaa,bbabbcbbbaaabababbbbbbbbbacb
GTKALTEVIPLTEEAEC,bbacdbaddbdbaacad,bbcaabcaaaabccacb
GTKWLTEWIPLTAEAEC,bbabdbabdbdbcacad,bbcaabcaaaabacacb
GVCRCICGRGVCRCICGR,bddadddbabddadddba,babcbabbcbabcbabbc
GVIPCGESCVFIPCISAAIGCSCKNKVCYRN,bddbdbabddddbddbccdbdbdaaaddbaa,baaabbcbbaaaababaaabbbbcbcabbcb
GVPCGESCVFIPCITGVIGCSCSSNVCYLN,bdbdbabddddbddbbddbdbdbbaddbda,baabbcbbaaaababbaabbbbbbbabbab
IWNNMTWMEWDREINNYTSLIHSLIEESQNQQEKNE,dbaacbbcabaaadaabbbddabddaabaaaaaaaa,aabbabaacacccabbbbbaacbaaccbbbbbccbc
KIMAKPSKFYEQLRGR,adccabbadbaadaba,caaacabcabcbacbc
KIPCGESCVWIPCLTSVFNCKCENKVCYHD,adbdbabddbdbddbbddadadaaaddbaa,caabbcbbaaaababbaabbcbcbcabbcc
KPVSLSYRCPCRFF,abdbdbbadbdadd,caababbcbabcaa
LCDCPNGPWVWVPAFCQAVG,ddadbabbbdbdbcddacdb,abcbabbaaaaaaaabbaab
LEAIPCSIPPCFAFNKDFVF,dacdbdbdbbddcdaaaddd,acaaabbaaabaaabccaaa
LEAIPCSIPPCLAFAKPFVF,dacdbdbdbbddcdcabddd,acaaabbaaabaaaacaaaa
LEAIPCSIPPCVFFGKPFVF,dacdbdbdbbddddbabddd,acaaabbaaabaaabcaaaa
LEAIPCSIPPCVLFNKPFVF,dacdbdbdbbddddaabddd,acaaabbaaabaaabcaaaa
LEAIPCSIPPEFLFGKPFVFLEAIPCSIPPEFLFGKPFVF,dacdbdbdbbadddbabddddacdbdbdbbadddbabddd,acaaabbaaacaaabcaaaaacaaabbaaacaaabcaaaa
LEAIPISIPPEVFFGKPFVF,dacdbdbdbbadddbabddd,acaaaabaaacaaabcaaaa
LEAIPMCIPPECFFNKPFVF,dacdbcddbbadddaabddd,acaaaabaaacbaabcaaaa
LEAIPMCIPPECLFGKPFVF,dacdbcddbbadddbabddd,acaaaabaaacbaabcaaaa
LEAIPMKIPPEFLFGKPFVF,dacdbcadbbadddbabddd,acaaaacaaacaaabcaaaa
LEAIPMSCPPEFCFGKPFVF,dacdbcbdbbadddbabddd,acaaaabbaacababcaaaa
LEAIPMSIPPEFAFNKDFVF,dacdbcbdbbadcdaaaddd,acaaaabaaacaaabccaaa
LEAIPMSIPPEIAFNKPFVF,dacdbcbdbbadcdaabddd,acaaaabaaacaaabcaaaa
LEAIPMSIPPELAFAKPFVF,dacdbcbdbbadcdcabddd,acaaaabaaacaaaacaaaa
LEAIPMSIPPEVKFNKPFVF,dacdbcbdbbadadaabddd,acaaaabaaacacabcaaaa
LIHSLIEESQNQQEKNEQELLELDKWASLWNWFNIT,ddabddaabaaaaaaaaaaddadaabcbdbabdadb,aacbaaccbbbbbccbcbcaacaccaabaabaabab
LLGDLLRKSKEKIGKEFKRIVQRIKDFLRNLVPRTES,ddbaddaabaaadbaadaaddaadaaddaaddbabab,aabcaaccbcccabccaccaabcaccaacbaaacbcb
LLRIPQAIMDMIAGAHWG,ddadbacdcacdcbcabb,aacaabaaacaaabacab
LPLPAPSFHRTT,dbdbcbbdaabb,aaaaaabaccbb
NEYHGFVDKANNENKRKKQQGRDDFVVKPNNFANRRRKDDYNENYYDDVDAADVV,aababddaacaaaaaaaaaabaaadddabaadcaaaaaaabaaabbaadaccadd,bcbcbaaccabbcbccccbbbcccaaacabbaabccccccbbcbbbccacaacaa
NGVIPCGESCVFIPCISTLLGCSKNKVCYR,abddbdbabddddbddbbddbdbaaaddba,bbaaabbcbbaaaababbaabbbcbcabbc
NNYTSLIHSLIEESQNQQEKNEQELLELDKWASLWN,aabbbddabddaabaaaaaaaaaaddadaabcbdba,bbbbbaacbaaccbbbbbccbcbcaacaccaabaab
PNGPWVWVPAFCQAVGWGDP,babbbdbdbcddacdbbbab,abbaaaaaaaabbaababca
PQITLRKKRRQRRRPPQVSFNFATLNF,badbdaaaaaaaaabbadbdadcbdad,ababacccccbcccaabababaababa
PTGERVWDRGNVTLLCDCPN,bbbaadbaabadbdddadba,abbccaaccbbabaabcbab
QLLDVVKRQQEMLRLTVWGTKNLQARVTAIEKYLKDQ,addaddaaaaacdadbdbbbaadacadbcdaabdaaa,baacaaccbbcaacabaabbcbabacabaaccbaccb
QLLIRMIYKNILFYLVPGPGHGAEPERRNIKYL,adddacdbaadddbddbbbbabcabaaaadabd,baaacaabcbaaabaaababcbacacccbacba
RGGRLCYCRRRFCVCVGR,abbaddbdaaadddddba,cbbcabbbcccabababc
RGNVTLLCDCPNGPWVWVPA,abadbdddadbabbbdbdbc,cbbabaabcbabbaaaaaaa
RIPTGERVWDRGNVTLLCDC,adbbbaadbaabadbdddad,caabbccaaccbbabaabcb
SGKSFKAGVCPPKKSAQCLRYKKPECQSDWQCPGKKRCCPDTCGIKCLDPVDTPNPTRRKPGKCPVTYGQCLMLNPPNFCEMDGQCKRDLKCCMGMCGKSCVSPVKA,bbabdacbddbbaabcaddabaabadababadbbaaaddbabdbdaddabdabbabbaaabbadbdbbbaddcdabbaddacabadaaadaddcbcdbabddbbdac,bbcbacababaaccbabbacbccacbbbcabbabcccbbacbbbacbacaacbababcccabcbaabbbbbaaabaababcacbbbcccacbbababbcbbabaaca
SNQGGSPLPRSV,baabbbbdbabd,bbbbbbaaacba
SSGLYHVTNDCPNSSIVY,bbbdbadbaadbabbddb,bbbabcabbcbabbbaab
SYRCPCRFFES,bbadbdaddab,bbcbabcaacb
SYSMEHFRWGKPV,bbbcaadabbabd,bbbaccacabcaa
TLLCDCPNGPWVWVPAFCQA,bdddadbabbbdbdbcddac,baabcbabbaaaaaaaabba
VCYRNGIPCGESCVWIPCISAALGSCK,ddbaabdbdbabddbdbddbccdbbda,abbcbbaabbcbbaaaababaaabbbc
WDRGNVTLLCDCPNGPWVWV,baabadbdddadbabbbdbd,accbbabaabcbabbaaaaa
WMEWDREIEALAKAAEALAKAAEALAKAAWASLWNWF,bcabaaadacdcaccacdcaccacdcaccbcbdbabd,aacacccacaaacaacaaacaacaaacaaaabaabaa
WMEWDREIEEAAKKLEEAAKKLEEAAKKLWASLWNWF,bcabaaadaaccaadaaccaadaaccaadbcbdbabd,aacacccaccaaccaccaaccaccaaccaaabaabaa
WVWVPAFCQAVGWGDPITHW,bdbdbcddacdbbbabdbab,aaaaaaabbaababcaabca
YPGHITGHRMANMMMNW,bbbadbbaaccacccab,babcabbccaabaaaba
YQLAIRMIYKNI,badcdacdbaad,bbaaacaabcba
YQLLIRAIYKNI,badddacdbaad,bbaaacaabcba
YQLLIRMAYKNI,badddaccbaad,bbaaacaabcba
YQLLIRMIAKNI,badddacdcaad,bbaaacaaacba
YQLLIRMIYANI,badddacdbcad,bbaaacaababa
YQLLIRMIYKAI,badddacdbacd,bbaaacaabcaa
YQLLIRMIYKNA,badddacdbaac,bbaaacaabcba
YTSLIHSLIEESQNQQEKNQQELLQLDKWASLWNWF,bbbddabddaabaaaaaaaaaaddadaabcbdbabd,bbbaacbaaccbbbbbccbbbcaabaccaabaabaa
YTSLIQSLIEESQNQQEKNEQQLLELDKWASLWNWF,bbbddabddaabaaaaaaaaaaddadaabcbdbabd,bbbaabbaaccbbbbbccbcbbaacaccaabaabaa
ALWKTMLKKLGTMALHAGKAALGAAADTISQGTQ,cdbabcdaadbbccdacbaccdbcccabdbabba,aaacbaaccabbaaacabcaaabaaacbabbbbb
GLFGVLAKVAAHVVPAIAEHF,bddbddcadccaddbcdcaad,baabaaacaaacaaaaaacca
GLLSVLGSVAKHVLPHVVPVIAEHL,bddbddbbdcaaddbaddbddcaad,baabaabbaaccaaacaaaaaacca
CGRLLLRRQRRRAHQN,dbadddaaaaaacaaa,bbcaaaccbcccacbb
EWRKKRYSTQV,abaaaabbbad,caccccbbbba
FFGKVLKLIRKIF,ddbaddaddaadd,aabcaacaaccaa
FFHHIFRGIVHVGKTIHRLVTG,ddaaddabddadbabdaaddbb,aaccaacbaacabcbaccaabb
GFKDLLKGAAKALVKTVLF,bdaaddabccacddabddd,baccaacbaacaaacbaaa
GFLDIIEKIAKSW,bddaddaadcabb,baacaaccaacba
GFLSILKKVLPKVMAHMK,bddbddaaddbadccaca,baabaaccaaacaaacac
GFNEIVQDIEDFLQNLV,bdaaddaadaaddaadd,babcaabcaccaabbaa
GIGAVLKVLTTGLPALISWIKRKRQQ,bdbcddaddbbbdbcddbbdaaaaaa,babaaacaabbbaaaaabaaccccbb
GIIDIAKKLFESW,bddadcaaddabb,baacaaccaacba
GIWDTIKSMGKVFAGKILQNL,bdbabdabcbaddcbaddaad,baacbacbabcaaabcaabba
GIWSDLAEIIKKF,bdbbadcaddaad,baabcaacaacca
GLLGLLGSVVSHVVPAIVGHF,bddbddbbddbaddbcddbad,baabaabbaabcaaaaaabca
GLRRLLGRLLRRLGRLLLR,bdaaddbaddaadbaddda,baccaabcaaccabcaaac
GLRSKIWLWVLLMIWQESNKFKKM,bdabadbdbdddcdbaabaadaac,bacbcaaaaaaaaaabcbbcacca
GLRSRIWLWVLLMIWQESNRFKRM,bdabadbdbdddcdbaabaadaac,bacbcaaaaaaaaaabcbbcacca
GWFDIIKKIASEL,bbdaddaadcbad,baacaaccaabca
GWFDVVKHIAKRF,bbdaddaadcaad,baacaaccaacca
ILGPVLGLVSRTLRRVLGIL,ddbbddbddbabdaaddbdd,aabaaabaabcbaccaabaa
LLKELWTKIKGAGKAVLGKIKGLL,ddaadbbadabcbacddbadabdd,aaccaabcacbabcaaabcacbaa
MTWEAWDRAIAEYAARIEALIRAAQEQQEKNEAALREL,cbbacbaacdcabccadacddaccaaaaaaaaccdaad,abacaaccaaacbaacacaaacaabcbbccbcaaacca
MTWMAWDRAIANYAALIHALIEAAQNQQEKNEAALLEL,cbbccbaacdcabccddacddaccaaaaaaaaccddad,abaaaaccaaabbaaaacaaacaabbbbccbcaaaaca
MTWMEWDREINNYTSLIHSLIEESQNQQEKNEQELLEL,cbbcabaaadaabbbddabddaabaaaaaaaaaaddad,abaacacccabbbbbaacbaaccbbbbbccbcbcaaca
SLSRFLRFLKIVYRRAF,bdbaddaddaddbaacd,babcaacaacaabccaa
TTWEAWDRAIAEYAARIEALIRALQELQEKLEAILREL,bbbacbaacdcabccadacddacdaadaaadacddaad,bbacaaccaaacbaacacaaacaabcabccacaaacca
TTWEEWDREINEYTSRIESLIRESQEQQEKNEQELREL,bbbaabaaadaabbbadabddaabaaaaaaaaaadaad,bbaccacccabcbbbcacbaaccbbcbbccbcbcacca
VFQFLGRIIHHVGNFVHGFSHVF,ddaddbaddaadbaddabdbadd,aabaabcaaccabbaacbabcaa
WQEWEQKITALLEQAQIQQEKNEYELQKLDKWASLWEWF,baabaaadbcddaacadaaaaaabadaadaabcbdbabd,abcacbcabaaacbababbccbcbcabcaccaabaacaa
YVSGKARGWFYRHHYESPHPRISSEVHIPLGDARLV,bdbbacabbdbaaababbabadbbadadbdbacadd,babbcacbaabcccbcbacacabbcacaaabcacaa
AEGIGALFLGFLGAAGSTMGARSMTLTVQARQL,cabdbcdddbddbccbbbcbcabcbdbdacaad,acbabaaaabaabaabbbabacbabababacba
AIRDTNKAVQSVQSSIGNLIVAIKSVQDYVNKEIV,cdaabaacdabdabbdbadddcdabdaabdaaadd,aaccbbcaabbabbbabbaaaaacbabcbabccaa
AKQARSDIEKLKEAIRDTNKAVQSVQSSIGNLIVA,caacabadaadaacdaabaacdabdabbdbadddc,acbacbcaccaccaaccbbcaabbabbbabbaaaa
AVALVEAKQARSDIEKLKEAIRDTNKAVQSVQSSI,cdcddacaacabadaadaacdaabaacdabdabbd,aaaaacacbacbcaccaccaaccbbcaabbabbba
DISIELNKAKSDLEESKEWIRRSNQKLDSIGNWHQ,adbdadaacabadaabaabdaabaaadabdbabaa,cabacabcacbcaccbccaaccbbbcacbabbacb
KLKEAIRDTNKAVQSVQSSIGNLIVAIKSVQDYVN,adaacdaabaacdabdabbdbadddcdabdaabda,caccaaccbbcaabbabbbabbaaaaacbabcbab
LNNSVALDPIDISIELNKAKSDLEESKEWIRRSNQ,daabdcdabdadbdadaacabadaabaabdaabaa,abbbaaacaacabacabcacbcaccbccaaccbbb
RSDIEKLKEAIRDTNKAVQSVQSSIGNLIVAIKSV,abadaadaacdaabaacdabdabbdbadddcdabd,cbcaccaccaaccbbcaabbabbbabbaaaaacba
AQITAAVALVEAKQARSDIEKLKEAIRDTNKAVQS,cadbccdcddacaacabadaadaacdaabaacdab,ababaaaaaacacbacbcaccaccaaccbbcaabb
RFLVCWKQKIWGKARPSMCTRRARF,addddbaaadbbacabbcdbaacad,caaabacbcaabcacababbccaca
AAHLIDALYAEFLGGRVLTTPVVHRALFYASAVLRQPFLAGVPSA,ccaddacdbcaddbbaddbbbddaacddbcbcddaabddcbdbbc,aacaacaabacaabbcaabbaaaccaaababaaacbaaaabaaba
FLPVLAGIAAKVVPALFCKITKKC,ddbddcbdccaddbcdddadbaad,aaaaaabaaacaaaaaabcabccb
GHRRYFTFGGGYVYF,baaabdbdbbbbdbd,bcccbababbbbaba
GIGKFLHSAGKFGKAFVGEIMKS,bdbaddabcbadbacddbadcab,babcaacbabcabcaaabcaacb
GLASTLTRWAHYNALIRAF,bdcbbdbabcabacddacd,baabbabcaacbbaaacaa
HEFVPLEVYTRHEIK,aaddbdadbbaaada,ccaaaacabbcccac
HRWRKRWRKWRWRKRWRK,aabaaabaababaaabaa,ccacccaccacacccacc
KRWRKRWRKKRWRKRWRK,aabaaabaaaabaaabaa,ccacccaccccacccacc
KTTSSIEFARLQFTY,abbbbdadcadadbb,cbbbbacaacababb
LRKRKRLRKLRKRKRLRK,daaaaadaadaaaaadaa,acccccaccacccccacc
LRTRKRGRKLRTRKRGRK,dabaaabaadabaaabaa,acbcccbccacbcccbcc
LRWRKRWRKLRWRKRWRK,dabaaabaadabaaabaa,acacccaccacacccacc
RARRSLLIASALCTSDVAAATNADLRTALARADHQKTLFWL,acaabdddcbcddbbadcccbacadabcdcacaaaabddbd,caccbaaaabaabbbcaaaabbacacbaaacaccbcbaaaa
RRCICTTRTCRFPYRRLGTCIFQNRVYTFCC,aadddbbabdadbbaadbbdddaaadbbddd,ccbabbbcbbcaabccabbbaabbcabbabb
RRWRKRWRKRRWRKRWRK,aabaaabaaaabaaabaa,ccacccaccccacccacc
RTRKRWRKRTRKRGRK,abaaabaaabaaabaa,cbcccacccbcccbcc
RWRKRGRKRWRKRGRK,abaaabaaabaaabaa,cacccbcccacccbcc
RWRKRWRKRWRKRWRK,abaaabaaabaaabaa,cacccacccacccacc
RWRKRWRWRKRWRWRKRW,abaaababaaababaaab,cacccacacccacaccca
TARLQLEARLQHLVAEILEREQSLALHALGYQLAFV,bcadadacadaaddcaddaaaabdcdacdbbadcdd,bacabacacabcaaacaacccbbaaacaabbbaaaa
TTPKFTVAWDWVPKR,bbbadbdcbabdbaa,bbacabaaacaaacc
VFQFLGKIIKKVGNFVKGFSKVF,ddaddbaddaadbaddabdbadd,aabaabcaaccabbaacbabcaa
VVCACRRALCLPLERRAGFCRIRGRIHPLCCRR,dddcdaacdddbdaaacbddadabadabdddaa,aababccaabaaacccababcacbcacaabbcc
YDHIQDHVNTMFSRLATSWCLLQNKERALWAEAA,baadaaadabcdbadcbbbdddaaaaacdbcacc,bccabccabbaabcaabbabaabbcccaaaacaa
ILPWKWPWWPWRR,ddbbabbbbbbaa,aaaacaaaaaacc
GMASKAGAIAGKIAKVALKAL,bccbacbcdcbadcadcdacd,baabcabaaabcaacaaacaa
GIGKFLKKAKKGIGAVLKVLTTGL,bdbaddaacaabdbcddaddbbbd,babcaaccaccbabaaacaabbba
ALSKALSKALSKALSKALSKALSK,cdbacdbacdbacdbacdbacdba,aabcaabcaabcaabcaabcaabc
KKLLKKLKKLLKKL,aaddaadaaddaad,ccaaccaccaacca
CATCEQIADSQHRSHRQMV,dcbdaadcabaaabaaacd,babbcbaacbbccbccbaa
CATCQIADSHRSHRQMV,dcbdadcabaabaaacd,babbbaacbccbccbaa
PPWCCCSPMKRASPPPAQSDLPATPKCPP,bbbdddbbcaacbbbbcabadbcbbadbb,aaabbbbaaccabaaaabbcaaabacbaa
RRKKAAVALLPAVLLALLAP,aaaaccdcddbcdddcddcb,ccccaaaaaaaaaaaaaaaa
RRKKAVLLALLAP,aaaacdddcddcb,ccccaaaaaaaaa
RRKKLPAVLLALLAP,aaaadbcdddcddcb,ccccaaaaaaaaaaa
RRKKPAVLLALLAP,aaaabcdddcddcb,ccccaaaaaaaaaa
RRKKVLLALLAP,aaaadddcddcb,ccccaaaaaaaa
RRKKVALLAVLLALLA,aaaadcddcdddcddc,ccccaaaaaaaaaaaa
GLLRKGGEKIGEKLKKIGQKIKNFFQKLVPQPEQ,bddaabbaadbaadaadbaadaaddaaddbabaa,baaccbbccabccaccabbcacbaabcaaabacb
RKKLAVLLALLA,aaadcdddcddc,cccaaaaaaaaa
RRKKAAAAAAAAA,aaaaccccccccc,ccccaaaaaaaaa
HGVSGHGQHGVHG,abdbbabaabdab,cbabbcbbcbacb
KWKVFKKIEKMGRNIRNGIVKAGPAIAVLGEAKAL,abaddaadaacbaadaabddacbbcdcddbacacd,cacaaccaccabcbacbbaacabaaaaaabcacaa
DLGPPISLERLDVGTNLGNAIAKLEDAKELLESSD,adbbbdbdaadadbbadbacdcadaacaaddabba,cabaaabaccacabbbabbaaacaccaccaacbbc
LERLDVGTNLGNAIAKLEDAKELLESSDQILRSMK,daadadbbadbacdcadaacaaddabbaaddabca,accacabbbabbaaacaccaccaacbbcbaacbac
LHRIDLGPPISLERLDVGTNLGNAIAKLEDAKELL,daadadbbbdbdaadadbbadbacdcadaacaadd,accacabaaabaccacabbbabbaaacaccaccaa
LFRLIKSLIKRLVSAFK,ddaddabddaaddbcda,aacaacbaaccaabaac
ECKFTVKPYLKRFQVYYKGRMWCP,adadbdabbdaadadbbabacbdb,cbcabacabaccababbcbcaaba
GIKCRFCCGCCTPGICGVCCRF,bdadadddbddbbbddbdddad,bacbcabbbbbbababbabbca
GFIFHIIKGLFHAGKMIHGLV,bdddaddabddacbacdabdd,baaacaacbaacabcaacbaa
CDSCERCWYVWLILLRVRLRLLVSL,dabdaadbbdbddddadadadddbd,bcbbccbabaaaaaacacacaaaba
CTMCRYQQNCFTRRLIVGGMLLVFV,dbcdabaaaddbaadddbbcddddd,bbabcbbbbbabccaaabbaaaaaa
PPDVHTPPHALWRLHLSLRVCLVRMWIH,bbadabbbacdbadadbdaddddacbda,aacacbaacaaacacabacabaacaaac
DASISQVNEKINQSLAFIRKSDELLHNVNAGKSTT,acbdbadaaadaabdcddaabaaddaadacbabbb,cababbabccabbbaaaaccbccaacbababcbbb
KKRKRRFLGFLLGVGSA,aaaaaaddbdddbdbbc,ccccccaabaaababba
SSVITSLGAIVSCYGKT,bbddbbdbcddbdbbab,bbaabbabaaabbbbcb
PTTFMLKYDENGTITDAVDC,bbbdcdabaaabbdbacdad,abbaaacbccbbbabcaacb
QYGSFCTQLNRALSGIAAEQ,abbbddbadaacdbbdccaa,bbbbabbbabcaabbaaacb
YQDVNCTDVSTAIHADQLTP,baadadbadbbcdacaadbb,bbcabbbcabbaacacbaba
GVFVFNGTSWFITQRNFFS,bddddabbbbddbaaaddb,baaaabbbbaaabbcbaab
GYFVQDDGEWKFTGSSYYY,bbddaaababadbbbbbbb,bbaabccbcacabbbbbbb
GYHLMSFPQAAPHGVVFLHVTW,bbadcbdbaccbabddddadbb,bbcaabaabaaacbaaaacaba
NGIGVTQNVLYENQKQIANQFNKAISQIQESLTTTSTA,abdbdbaaddbaaaaadcaadaacdbadaabdbbbbbc,bbababbbaabcbbcbaabbabcaabbabcbabbbbba
VYINKLTPPCGTMYYACEAV,dbdaadbbbdbbcbbcdacd,ababcabaabbbabbabcaa
AALYKKKIIKKLLES,ccdbaaaddaaddab,aaabcccaaccaacb
KNGRKLCLDLQAALY,aabaadddadaccdb,cbbccabacabaaab
KWKLFKKIGIGKFLHAAKKF,abaddaadbdbaddaccaad,cacaaccababcaacaacca
RRKKAAVALLKAVLLAALAP,aaaaccdcddacdddccdcb,ccccaaaaaacaaaaaaaaa
RRKKAAVALLKAVLLALAAP,aaaaccdcddacdddcdccb,ccccaaaaaacaaaaaaaaa
RRKKAVALLPAVLLALLAP,aaaacdcddbcdddcddcb,ccccaaaaaaaaaaaaaaa
RRKKLLPAVLLALLAP,aaaaddbcdddcddcb,ccccaaaaaaaaaaaa
MKATILLAVVVAVIVGVQEAQSVACRSYYCSKFCGSAGCSLYGCYLLHPGKICYCLHCSRAESPLALSGSARNVNDKNNEMDNSPVMNEMENLDQEMDMF,cacbdddcdddcdddbdaacabdcdabbbdbaddbbcbdbdbbdbddabbaddbddadbacabbdcdbbbcaadaaaaaacaabbdcaacaadaaacacd,acabaaaaaaaaaaababcabbaabcbbbbbcabbbabbbabbbbaacabcabbbacbbcacbaaaabbbacbabccbbcacbbaaabcacbacbcacaa
CGYRGLCRRFCHAQEYIVGHHGCPRRYRCC,dbbabddaaddacaabddbaabdbaabadd,bbbcbabccabcabcbaabccbbaccbcbb
CDVIALLACHLNT,daddcddcdadab,bcaaaaaabcabb
CDVIALLCHLNTPSFNTTHYRESWY,daddcdddadabbbdabbabaabbb,bcaaaaabcabbababbbcbccbab
DTRACDVIALLCHLNT,abacdaddcdddadab,cbcabcaaaaabcabb
SCASRCKGHCRARRCGYYVSVLYRGRCYCKCLRC,bdcbadabadacaadbbbdbddbabadbdaddad,bbabcbcbcbcaccbbbbabaabcbcbbbcbacb
ACYCRIPACIAGERRYGTCIYQGRLWAFCC,cdbdadbcddcbaaabbbddbabadbcddd,abbbcaaabaabcccbbbbabbbcaaaabb
ALWKTLLKKVLKAAAKAALNAVLVGANA,cdbabddaaddacccaccdacdddbcac,aaacbaaccaacaaacaaabaaaababa
ARATCYCRTGRCATRESLSGVCEISGRLYRLCCR,cacbdbdabbadcbaabdbbddadbbadbaddda,acabbbbcbbcbabccbabbabcabbcabcabbc
KPKQIKPPLPSV,abaadabbdbbd,cacbacaaaaba
SVITIELSNIKENKCNGTDAKVKLIKQELDKYKNA,bddbdadbadaaaadabbacadaddaaadaabaac,baabacabbaccbcbbbbcacacaacbcaccbcba
EGPTLGNWAREIWATLFGKA,abbbdbabcaadbcbddbac,cbababbaaccaaabaabca
TWLRAIWDWVCTALTDFK,bbdacdbabddbcdbada,baacaaacaabbaabcac
PPVYTKDVDISSQISSMNQSLQQSKDYIKEAQKILDTVNPSL,bbdbbaadadbbadbbcaabdaabaabdaacaaddabdabbd,aaabbccacabbbabbabbbabbbccbaccabcaacbababa
ANTAFVSSAHNTQKIPAGAPFNRNLRAMLADLRQNAAFAG,cabcddbbcaabaadbcbcbdaaadaccdcadaaaccdcb,abbaaabbacbbbcaaabaaabcbacaaaacacbbaaaab
CGGNNLLRAIEAQQHLLQLTVWGIKQLQARILAVERYLKDQ,dbbaaddacdacaaaddadbdbbdaadacaddcdaabdaaa,bbbbbaacaacabbcaababaabacbabacaaaaccbaccb
GGTIFDCGETCFLGTCYTPGCSCGNYGFCYGTN,bbbddadbabdddbbdbbbbdbdbabbddbbba,bbbaacbbcbbaabbbbbabbbbbbbbabbbbb
GVCRCLCRRGVCRCICRR,bddadddaabddadddaa,babcbabccbabcbabcc
WMEWDREIEELAKKAEELAKKAEELAKKAWASLWNWF,bcabaaadaadcaacaadcaacaadcaacbcbdbabd,aacacccaccaaccaccaaccaccaaccaaabaabaa
YALLIRMIYKNI,bcdddacdbaad,baaaacaabcba
YQLLARMIYKNI,baddcacdbaad,bbaaacaabcba
YQLLIAMIYKNI,badddccdbaad,bbaaaaaabcba
GLFGVLGSIAKHVLPHVVPVIAEKL,bddbddbbdcaaddbaddbddcaad,baabaabbaaccaaacaaaaaacca
DWHLGQGVSIEWRKK,abadbabdbdabaaa,cacabbbabacaccc
FLFPLITSFLSKVL,dddbddbbddbadd,aaaaaabbaabcaa
GLFDIIKKIAESW,bddaddaadcabb,baacaaccaacba
GWLKKIESIIDAF,bbdaadabddacd,baaccacbaacaa
HVDKKVADKVLLLKQLRIMRLLTRL,adaaadcaaddddaadadcaddbad,cacccaaccaaaacbacaacaabca
ELNKAKSDLEESKEWIRRSNQKLDSIGNWHQSSTT,adaacabadaabaabdaabaaadabdbabaabbbb,cabcacbcaccbccaaccbbbcacbabbacbbbbb
RGGKIAGKIAKIAGKIAKIAGKIA,abbadcbadcadcbadcadcbadc,cbbcaabcaacaabcaacaabcaa
CGECGGGHIVGRFCMVVRFLRLVFI,dbadbbbaddbaddcddaddadddd,bbcbbbbcaabcabaaacaacaaaa
CRCCELKSLCPTLMRVVRLLGLVLL,daddadabddbbdcaddaddbdddd,bcbbcacbababaacaacaabaaaa
ANVVATYPAHS,caddcbbbcab,abaaabbaacb
CLRKLRKRLLRC,ddaadaaaddad,baccacccaacb
SKHSSLDCVLRP,baabbdadddab,bccbbacbaaca
MHRSLLGRMKGA,caabddbacabc,accbaabcacba
KKKKYRNIRRPG,aaaabaadaabb,ccccbcbaccab
HRILMRIRAMMT,aaddcadacccb,ccaaacacaaab
HRALMRIRQMMT,aacdcadaaccb,ccaaacacbaab
HRIAMRIRQMMT,aadccadaaccb,ccaaacacbaab
ARILMRIRQMMT,caddcadaaccb,acaaacacbaab
HRILMRIRQAMT,aaddcadaaccb,ccaaacacbaab
HRILMRIAQMMT,aaddcadcaccb,ccaaacaabaab
HRILMRIRQMMA,aaddcadaaccc,ccaaacacbaaa
HRILMRIRQMAT,aaddcadaaccb,ccaaacacbaab
HRILMRARQMMT,aaddcacaaccb,ccaaacacbaab
WLVFFVIAYFAR,bddddddcbdca,aaaaaaaabaac
HVTTTFAPPPPR,adbbbdcbbbba,cabbbaaaaaac
SVVPSKATWGFA,bddbbacbbbdc,baaabcababaa
FKPSSPPSITLW,dabbbbbbdbdb,acabbaababaa
ATHTICDRNHTW,cbabddaaaabb,abcbabccbcba
ACFPWGNTWCGGK,cddbbbabbdbba,abaaabbbabbbc
ACFPWGKEYCGGK,cddbbbaabdbba,abaaabccbbbbc
ACFPWGNQWCGGK,cddbbbaabdbba,abaaabbbabbbc
IFKAIWSGIKSLF,ddacdbbbdabdd,aacaaabbacbaa
YRWRGPTAAFLSLV,bababbbccddbdd,bcacbabaaaabaa
RRGRIGRNPSQVGD,aabadbaabbadba,ccbcabcbabbabc
RRGRVGRNPNQVGD,aabadbaabaadba,ccbcabcbabbabc
ECRSTSYAGAVVNDL,adabbbbcbcddaad,cbcbbbbabaaabca
RGILIHNTIFGEQVF,abdddaabddbaadd,cbaaacbbaabcbaa
SSSTSTQVQILSNAL,bbbbbbadaddbacd,bbbbbbbabaabbaa
RRLQVGGGTLKFFLT,aadadbbbbdadddb,ccababbbbacaaab
GWWYKGRARPVSAVA,bbbbabacabdbcdc,baabcbcacaabaaa
RAVWRHSVATPSHSV,acdbaabdcbbbabd,caaaccbaababcba
AVASVPRARGKYWWG,cdcbdbacababbbb,aaabaacacbcbaab
DFRRLPGAFWQLRQP,adaadbbcdbadaab,caccaabaaabacba
AETVESCLAKPHTEN,cabdabddcababaa,acbacbbaacacbcb
ADGSLLGRMKGAAG,cabbddbacabccb,acbbaabcacbaab
PRPISYLKGSSGGPL,babdbbdabbbbbbd,acaabbacbbbbbaa
GQPEEGAPCQVVLQGA,babaabcbdadddabc,bbaccbaabbaaabba
VRLGSISVIGIVRGKK,dadbbdbddbddabaa,acabbabaabaacbcc
GSRVQIRCRFRNSTR,bbadadadadaabba,bbcabacbcacbbbc
WLVFFVIFYFFRRRKK,bdddddddbddaaaaa,aaaaaaaabaaccccc
RRKKWLVFFVIFYFFR,aaaabdddddddbdda,ccccaaaaaaaabaac
RGGSVVIVGRIILSGRK,abbbddddbadddbbaa,cbbbaaaabcaaabbcc
FKLRAKIKVRLRAKIKL,dadacadadadacadad,acacacacacacacaca
RTQRRGRTGRGKPGIYR,abaaababbababbdba,cbbccbcbbcbcababc
STQRRGRTGRGRRGIYR,bbaaababbabaabdba,bbbccbcbbcbccbabc
LFGLIPSLIGGLVSAFK,ddbddbbddbbddbcda,aabaaabaabbaabaac
AALEAKICHQIEYYFGDF,ccdacaddaadabbdbad,aaacacabcbacbbabca
SWRLDIWDWICESVLDFK,bbadadbabddabddada,bacacaacaabcbaacac
DWLKAFYDKVAEKLKEAF,abdacdbaadcaadaacd,caacaabccaaccaccaa
FILAFLGWIGAIVSTALP,dddcddbbdbcddbbcdb,aaaaaabaabaaabbaaa
AFLGWIGAIVSTALPQWR,cddbbdbcddbbcdbaba,aaabaabaaabbaaabac
GWIGAIVSTALPQWRIYS,bbdbcddbbcdbabadbb,baabaaabbaaabacabb
GAIVSTALPQWRIYSYAG,bcddbbcdbabadbbbcb,baaabbaaabacabbbab
VSTALPQWRIYSYAGDNI,dbbcdbabadbbbcbaad,abbaaabacabbbabcba
ALPQWRIYSYAGDNIVTA,cdbabadbbbcbaaddbc,aaabacabbbabcbaaba
AGALMFAWLLLGLQGIFN,cbcdcdcbdddbdabdda,abaaaaaaaaababbaab
MASAGMQILGVVLTLLGW,ccbcbcaddbdddbddbb,aabababaabaaabaaba
MANSGLQLLGFSMALLGW,ccabbdaddbdbccddbb,aabbbabaababaaaaba
MASTGLELLGMTLAVLGW,ccbbbdaddbcbdcddbb,aabbbacaababaaaaba
AGDDQGLDKCVPNSKEK,cbaaabdaaddbabaaa,abccbbaccbaabbccc
IPESSELTLQELLGEERR,dbabbadbdaaddbaaaa,aacbbcababcaabcccc
TLKPIFKLPLGINITNFR,bdabddadbdbdadbada,bacaaacaaabababbac
PPATHTIADRNHTPFSDV,bbcbabdcaaaabbdbad,aaabcbaaccbcbaabca
RQMRAWGQDYQHGGMGYSC,aacacbbaabaabbcbbbd,cbacaabbcbbcbbabbbb
TDVILMCFSIDSPDSLENI,badddcddbdabbabdaad,bcaaaababacbacbacba
CSIELSDIPLSVDFNTMID,dbdadbadbdbdadabcda,bbacabcaaabacabbaac
FWFTLIKTQAKQPARYRRFC,dbdbddabacaabcabaadd,aaabaacbbacbaacbccab
ALDKLEESNSKLDKVNVKLT,cdaadaababadaadadadb,aaccaccbbbcaccabacab
ALDKAEESNSKADKVNVKLT,cdaacaababacaadadadb,aaccaccbbbcaccabacab
FKVKAKVKAKVKAKVKAKKKK,dadacadacadacadacaaaa,acacacacacacacacacccc
PLSPPLRNTHPQAMQWNSTTF,bdbbbdaababaccababbbd,aabaaacbbcabaababbbba
VLDLIYSLHKQINRGLKKIVL,ddaddbbdaaadaabdaaddd,aacaabbaccbabcbaccaaa
QLQKWEDWVRWIGNIPQYLKG,adaabaabdabdbadbabdab,babcaccaacaabbaabbacb
KAAKKAAKAAKKAAKWAKKAA,accaaccaccaaccabcaacc,caaccaacaaccaacaaccaa
AKKAAKKAKKAAKKAKKAAKK,caaccaacaaccaacaaccaa,accaaccaccaaccaccaacc
ARRAWRRARRAARRARRAARR,caacbaacaaccaacaaccaa,accaaccaccaaccaccaacc
ARRAKRRARRAKRRARRKKRR,caacaaacaacaaacaaaaaa,accacccaccacccacccccc
FLDSKAELEKARKILSEVGRWY,ddabacadaacaaddbadbabb,aacbcacaccaccaabcabcab
FAKKFAKKFKKFAKKFAKFAFAF,dcaadcaadaadcaadcadcdcd,aaccaaccaccaaccaacaaaaa
FLFAFRIFKRVFKKFRKLFKRAF,dddcdaddaaddaadaaddaacd,aaaaacaaccaaccaccaaccaa
FALALKALKKALKKLKKALKKAL,dcdcdacdaacdaadaacdaacd,aaaaacaaccaaccaccaaccaa
FAIAIKAIKKAIKKIKKAIKKAI,dcdcdacdaacdaadaacdaacd,aaaaacaaccaaccaccaaccaa
QLESLTDRELLLLIARKTCGSVE,adabdbaaadddddcaabdbbda,bacbabcccaaaaaaccbbbbac
LLDCWVRLGRYLLRRLKTPFTRL,ddadbdadbabddaadabbdbad,aacbaacabcbaaccacbaabca
MANAGLQLLGFILAFLGWIGAIVS,ccacbdaddbdddcddbbdbcddb,aabababaabaaaaaabaabaaab
SISNALNKLEESNRNLDKVNVKLT,bdbacdaadaabaaadaadadadb,babbaabcaccbbcbaccabacab
NILRLKESITATIEAVHEVTDGLS,addadaabdbcbdacdaadbabdb,baacaccbababacaaccabcbab
FRFKIKFRLKFRFKARFKFRAKFRA,dadadadadadadacadadacadac,acacacacacacacacacacacaca
PTSNHSPTSCPPTCPGYRWMCLRRF,bbbaabbbbdbbbdbbbabcddaad,abbbcbabbbaabbabbcaabacca
SDHSESIQKKFQLMKEHVNKIGVDS,baababdaaadadcaaadaadbdab,bccbcbabccabaacccabcabacb
FAVGLRAIKRALKKLRRGVRKVAKDL,dcdbdacdaacdaadaabdaadcaad,aaabacaaccaaccaccbaccaacca
ALQELLGEYIQWLKDGGPSSGRPPPS,cdaaddbabdabdaabbbbbbabbbb,aabcaabcbabaaccbbabbbcaaab
CTEEHIVATELVIQEMYIKINVKNSP,dbaaaddcbadddaacbdadadaabb,bbcccaaabcaaabcabacabacbba
FKCRRWQWRMKKLGAPSITCVRRAFA,dadaababacaadbcbbdbddaacdc,acbccabacaccabaababbaccaaa
FLAAARIAKRVAKKARKLAKRAARKRK,ddcccadcaadcaacaadcaaccaaaa,aaaaacaaccaaccaccaaccaacccc
KKKKFVKKVAKKVKKVAKKVAKVAVAV,aaaaddaadcaadaadcaadcadcdcd,ccccaaccaaccaccaaccaacaaaaa
KRKRFAKKFLRFLRKVIRFLKRFIRRF,aaaadcaaddaddaaddaddaaddaad,ccccaaccaacaaccaacaaccaacca
HMNASDMEIKSYINMIESVEESSNYDF,acacbacadabbdacdabdaabbabad,cababcacacbbabaacbaccbbbbca
RWMVWRHWFHRLRLPYNPGKNKQNQQWP,abcdbaabdaadadbbabbaaaaaaabb,caaaaccaaccacaabbabcbcbbbbaa
RRRRRRRRHPAEPGSTVTTQNTASQTMS,aaaaaaaaabcabbbbdbbaabcbabcb,cccccccccaacabbbabbbbbabbbab
RIILGQCIKREAEAAIEQIFRTKYNDSH,adddbaddaaacaccdaaddababaaba,caaabbbacccacaaacbaacbcbbcbc
CCFLRIQNDSIIRLGDLQPLSQRVSTDWQ,ddddadaaabddadbadabdbaadbbaba,bbaacabbcbaacabcabaabbcabbcab
FGGASCCLYCRCHIDHPNPKGFCDLKGKY,dbbcbdddbdadadaabababddadabab,abbabbbabbcbcaccabacbabcacbcb
AWDFGSLGGVFTSIGKALHQVFGAIYGAA,cbadbbdbbddbbdbacdaaddbcdbbcc,aacabbabbaabbabcaacbaabaabbaa
AWDFGSVGGVLNSLGKMVHQIFGSAYTAL,cbadbbdbbddabdbacdaaddbbcbbcd,aacabbabbaabbabcaacbaabbabbaa
AWDFGSIGGVFTSVGKLVHQVFGTAYGVL,cbadbbdbbddbbdbaddaaddbbcbbdd,aacabbabbaabbabcaacbaabbabbaa
AWDFGSVGGLFTSLGKAVHQVFGSVYTIM,cbadbbdbbddbbdbacdaaddbbdbbdc,aacabbabbaabbabcaacbaabbabbaa
CRFPNITNSHVPILQERPPLENRVLTGWGL,dadbadbabadbddaaabbdaaaddbbbbd,bcaababbbcaaaabccaaacbcaabbaba
CCFLNITNSHVSILQERPPLENRVLTGWGL,ddddadbabadbddaaabbdaaaddbbbbd,bbaababbbcabaabccaaacbcaabbaba
GAKKGAKKGKKGAKKGAKGAGAKGAGAFKKKK,bcaabcaabaabcaabcabcbcabcbcdaaaa,baccbaccbccbaccbacbabacbabaacccc
VVTTRLFMSLVASVRNAFQSGYISFDEIIKTE,ddbbaddcbddcbdaacdabbbdbdaaddaba,aabbcaaabaaabacbaabbbbabaccaacbc
SMEKLAGFGAVGAGATAEETRRMLHRAFDTLA,bcaadcbdbcdbcbcbcaabaacdaacdabdc,baccaababaabababaccbccaaccaacbaa
CEEIRARLSTHLRKMRKRLMRDADDLQKRLAVY,daadacadbbadaacaaadcaacaadaaadcdb,bccacacabbcaccacccaaccaccabccaaab
MAILGDTAWDFGSLGGVFTSIGKALHQVFGAIY,ccddbabcbadbbdbbddbbdbacdaaddbcdb,aaaabcbaacabbabbaabbabcaacbaabaab
YKFACPECPKRFMRSDHLSKHITLHELLGEERR,badcdbadbaadcabaadbaadbdaaddbaaaa,bcaabacbaccaacbccabccabaccaabcccc
ALNCYWPLNDYGFYTTTGIGYQPYRVVVLSFEL,cdadbbbdaabbdbbbbbdbbabbaddddbdad,aabbbaaabcbbabbbbbabbbabcaaaabaca
DLSNQINSINKSLKSAEDWIADSNFFANQARTAK,adbaadabdaabdabcaabdcabaddcaacabca,cabbbabbabcbacbaccaaacbbaaabbacbac
NADIIKSLIRKTIINASKNTASLSILQHLYVLRS,acaddabddaabddacbaabcbdbddaadbddab,bacaacbaaccbaababcbbababaabcabaacb
FAVAVKAVAVKAVAVKAVKKAVKKVKKAVKKAVKKKK,dcdcdacdcdacdcdacdaacdaadaacdaacdaaaa,aaaaacaaaacaaaacaaccaaccaccaaccaacccc
KRKRAVKRVGRRLKKLARKIARLGVAKLAGLRAVKLF,aaaacdaadbaadaadcaadcadbdcadcbdacdadd,ccccaaccabccaccaaccaacabaacaabacaacaa
GICRCICGRGICRCICGRIGGRVPGVGVPGVGHHHHHH,bddadddbabddadddbadbbadbbdbdbbdbaaaaaa,babcbabbcbabcbabbcabbcaababaababcccccc
DLSLDFEKLNVTLLDLTYEMNRIQDAIKKLNESYINLKE,adbdadaadadbddadbbacaadaacdaadaabbdadaa,cabacaccababaacabbcabcabcaaccabcbbabacc
VRLASHLRKLRKRLLRDADDLIRLQAEAFQARLKSWFEPLV,dadcbadaadaaaddaacaaddadacacdacadabbdabdd,acaabcaccacccaaccaccaacabacaabacacbaacaaa
NFYDPLVFPSDEFDASISQVNEKINQSLASIRKSDELLHNVNAGK,adbabdddbbaadacbdbadaaadaabdcbdaabaaddaadacba,babcaaaaabccacababbabccabbbaabaccbccaacbababc
QKQIANQFNKAISQIQESLTTTSTALGKLQDVVNQNAQALNTLVKQ,aaadcaadaacdbadaabdbbbbbcdbadaaddaaacacdabddaa,bcbaabbabcaabbabcbabbbbbaabcabcaabbbabaabbaacb
QNQSANQFQKEISQINEVLTTTNTSLGKLQDDVNQNNQSLNTLQKE,aaabcaadaaadbadaaddbbbabbdbadaaadaaaaabdabdaaa,bbbbabbabccabbabcaabbbbbbabcabccabbbbbbabbabcc
NQNAQALNTLVKQLSSNFGAISSVLNDILSRLDKVEAEVQIDRLIT,aaacacdabddaadbbadbcdbbddaaddbadaadacadadaaddb,bbbabaabbaacbabbbabaabbaabcaabcaccacacabaccaab
GRRRRSVQWCAVSQPEATKCFQWQRNMRKVRGPPVSCIKRDSPIQCIQA,baaaabdabdcdbabacbaddabaaacaadabbbdbddaaabbdaddac,bccccbababaabbacabcbababcbaccacbaaabbacccbaabbaba
KQRQNKPPSKPNNDFHFEVFNFVPCSICSNNPTCWAICKRIPNKKPGKK,aaaaaabbbabaaadadaddaddbdbddbaabbdbcddaadbaaabbaa,cbcbbcaabcabbcacacaabaaabbabbbbabbaaabccaabccabcc
AVSKVLHLEGEVNKISALLSTNKAVVSLSNGVSVLTSKVLDLDNYIDKQLLPIVNK,cdbaddadabadaadbcddbbaacddbdbabdbddbbaddadaabdaaaddbddaa,aabcaacacbcabcabaaabbbcaaababbbabaabbcaacacbbaccbaaaaabc
PKEELDKYFKNHTSPDVDLGDISGINASVVNIQKEIDRLNEVAKNLNESLIDLQELGKYE,baaadaabdaaabbbadadbadbbdacbddadaaadaadaadcaadaabddadaadbaba,acccaccbacbcbbacacabcabbababaababccaccabcaacbabcbaacabcabcbc
EELRVRLASHLRKLRKRLLRDADDLQKRLAVYEEQAQQIRLQAEAFQARLKSWFEPLVEDM,aadadadcbadaadaaaddaacaadaaadcdbaaacaadadacacdacadabbdabddaac,ccacacaabcaccacccaaccaccabccaaabccbabbacabacaabacacbaacaaacca
