Sequence,aaindex,ACR1_MB,ACR1_MO,ACR1_GE
ERKVDFLEENITALLEEAQIQQEKNMYELQKLNSW,BASU050101,-0.192,-0.175,1.154
FLEENITALLEEAQIQQEKNMYELQKLNSWDVFGN,BASU050101,-0.098,-0.084,1.044
WQEWERKVDFLEENITALLEEAQIQQEKNMYELQK,BASU050101,-0.148,-0.149,1.132
QKKCPGRCTLKCGKHERPTLPYNCGKYICCVPVKVK,BASU050101,-0.177,-0.198,1.179
AVSPTTLRTEVVKTFRRDKPFPHRMDCVTT,BASU050101,-0.081,-0.093,1.088
LAEGPPVKECAVTCRYDKDADINVVTQARN,BASU050101,-0.128,-0.14,1.077
VSRRYLASLHKKALPTSVTFELLFDGTNPS,BASU050101,-0.024,-0.022,0.976
VEENMKKLEERLKKREELFKKQEEWFKKWFERSKKFT,BASU050101,0.035,-0.017,0.975
VRDNMAKLRERLKQRQQLFDSQQGWFEGWFNRSPWFT,BASU050101,0.043,0.025,0.937
EWYNQTKDLQQKFYEIIMDIEQNNVQGKKGIQQLQ,BASU050101,-0.177,-0.171,1.152
ITLGEWYNQTKDLQQKFYEIIMDIEQNNVQGKKGI,BASU050101,-0.164,-0.148,1.081
IWNHGNLTLGEWYNQTKDLQQKFYEIITMDIEQNNV,BASU050101,-0.183,-0.165,1.102
TKDLQQKFYEIIMDIEQNNVQGKKGIQQLQKWEDW,BASU050101,-0.17,-0.174,1.162
AGAGTGATAIGMVTQYHQVL,BASU050101,-0.012,-0.013,0.935
CNCTNSSSSYSGTKMACPSNRG,BASU050101,0.188,-0.055,0.966
EGGTLGNWAREIWATLFKKA,BASU050101,0.08,0.089,0.891
EGPGLGNWAREIWATLFKKA,BASU050101,0.035,0.035,0.944
EGPTGGNWAREIWATLFKKA,BASU050101,0.249,0.292,0.699
EGPTLGGWAREIWATLFKKA,BASU050101,0.063,0.071,0.907
EGPTLGNWAGEIWATLFKKA,BASU050101,0.084,0.091,0.89
EGPTLGNWAREGWATLFKKA,BASU050101,0.119,0.12,0.863
EGPTLGNWAREIWAGLFKKA,BASU050101,0.013,0.011,0.967
EGPTLGNWAREIWATGFKKA,BASU050101,-0.085,-0.15,1.119
EGPTLGNWAREIWATLFKGA,BASU050101,0.069,0.077,0.902
EGPTLGNWAREIWATLFKKG,BASU050101,0.102,0.112,0.851
EGPTLGNWAREIWATLGKKA,BASU050101,-0.043,-0.09,1.063
EGPTLGNWAREIWGTLFKKA,BASU050101,0.053,0.051,0.929
EGPTLGNWARGIWATLFKKA,BASU050101,0.062,0.071,0.907
EGPTLGNWGREIWATLFKKA,BASU050101,0.06,0.059,0.922
EIWATLFKKATRQCRRGRIW,BASU050101,0.08,0.097,0.864
GGPTLGNWAREIWATLFKKA,BASU050101,0.061,0.07,0.909
HVMLALATVLSIAGAGTGATAI,BASU050101,-0.018,-0.083,1.025
IGLKVEAMEKFLYTAFAMQE,BASU050101,-0.188,-0.232,1.14
IGNIPQYLKGLLGGILGIGL,BASU050101,-0.369,-0.292,1.224
LLGGILGIGLGVLLLILCLP,BASU050101,0.383,-0.192,1.127
NVQGKTGIQQLQKWEDWVRW,BASU050101,-0.22,-0.248,1.206
PDYLLVPEEVMEYKPRRKRAAI,BASU050101,0.268,0.263,0.685
RGILRNWYNPFAGLRQSLEQ,BASU050101,-0.226,-0.217,1.192
SGTKMACPSNRGILRNWYNP,BASU050101,0.205,0.231,0.754
TGALKINNLRLVTLEHQVLV,BASU050101,-0.086,-0.166,1.119
TRQCRRGRIWKRWNETITGP,BASU050101,0.072,0.037,0.954
YKPRRKRAAIHVMLALATVLSI,BASU050101,-0.024,-0.092,1.036
KHMHWHPPALNT,BASU050101,-0.052,-0.171,1.123
LPRRLHLEPAFLPYSVKAHECC,BASU050101,-0.302,-0.321,1.254
SFAIKWEYVLLLFLL,BASU050101,0.824,0.035,0.836
SWLRDIWDWLCELLSDFK,BASU050101,-0.221,-0.2,1.144
SWLRDLWDWICELLSDFK,BASU050101,-0.226,-0.204,1.148
SWLRDLWDWLCEVLSDFK,BASU050101,-0.226,-0.204,1.148
SGSWLRDIWDWICEVLSDFK,BASU050101,-0.104,-0.085,1.048
SWLRDIWDWICEVLSDFKTW,BASU050101,-0.199,-0.186,1.148
SWRLIDWDWICEVLSDFK,BASU050101,-0.293,-0.253,1.194
KFDSLVECIWDWIDRLWS,BASU050101,-0.228,-0.205,1.149
KWLCRIWSWISDVLDDFE,BASU050101,-0.153,-0.151,1.096
SIWRDWVDLICEFLSDWK,BASU050101,-0.122,-0.129,1.076
SWLRDVWDWICTVLTDFK,BASU050101,-0.142,-0.184,1.119
SWLRDVWDWVCTILTDFK,BASU050101,-0.142,-0.185,1.119
DWLRIIWDWVCSVVSDFK,BASU050101,-0.07,-0.161,1.068
SWLWEVWDWVLHVLSDFK,BASU050101,-0.042,-0.156,1.084
SWLRDVWDWVCTVLSDFK,BASU050101,-0.151,-0.169,1.11
SWLDDIWDWICEVLSDFE,BASU050101,-0.255,-0.189,1.134
SWLDRIWRWICKVLSRFE,BASU050101,-0.137,-0.222,1.133
SWLRDIWRWICKVLSRFK,BASU050101,-0.116,-0.213,1.134
VALDPIDISIELNKAKSDLEESKEWIRRSNQKLDSD,BASU050101,-0.294,-0.289,1.232
AKITFTNNHPRTIWP,BASU050101,-0.051,-0.07,1.047
CGESCAMISFCFTEVIGCSCKNKVCYLNSIS,BASU050101,-0.112,-0.134,1.105
CGESCVFIPCITSVAGCSCKSKVCYRNGIP,BASU050101,0.056,0.039,0.944
CGSVFLVGQLFTFSPRHH,BASU050101,0.3,0.203,0.791
CLGVGSCNDFAGCGYAIVCFW,BASU050101,-0.079,-0.151,1.138
DCPNGPWVWVPAFCQAVGWG,BASU050101,-0.008,-0.022,0.933
DREINNYTSLIHSLIEESQNQQEKNEQELLELDKWA,BASU050101,0.068,0.029,0.953
EELAKKAEELAKKAEELAKKAEELAKKAWASLWNWF,BASU050101,-0.022,-0.053,0.994
GADFQECMKEHSQKQHQHQG,BASU050101,0.07,-0.297,1.252
GDPTFCGETCRVIPVCTYSAALGCTCDDRSDGLCKRN,BASU050101,0.106,0.1,0.883
GFCRCICTRGFCRCICTR,BASU050101,0.164,0.027,0.89
GFCRCLCRRGVCRCICTR,BASU050101,0.166,0.033,0.887
GIGGKILSGLKTALKGAAKELASTYLH,BASU050101,-0.135,-0.125,1.101
GIGTKILGGVKTALKGALKELASTYAN,BASU050101,-0.248,-0.235,1.195
GIKEFKREFQRIKDFLRNLV,BASU050101,-0.302,-0.233,1.164
GIKEFKRIVQRIKDFLRNLV,BASU050101,-0.174,-0.171,1.107
GIKYFSMVGNWAKVLVVL,BASU050101,0.221,-0.013,0.932
GIPCAESCVWIPCTVTALVGCSCSDKVCYN,BASU050101,-0.106,-0.154,1.106
GIPCGESCVFIPCLTTVAGCSCKNKVCYRN,BASU050101,0.025,-0.005,0.966
GLPICGETCVGGTCNTPGCSCSWPVCTRN,BASU050101,-0.155,-0.185,1.149
GPWVWVPAFCQAVGWGDPIT,BASU050101,0.029,0.002,0.959
GRFKRFRKKFKKLFKKIS,BASU050101,-0.319,-0.276,1.215
GTACGESCYVLPCFTVGCTCTSSQCFKN,BASU050101,0.099,0.1,0.864
GTKALTEVIPLTEEAEC,BASU050101,-0.061,-0.064,1.014
GTKWLTEWIPLTAEAEC,BASU050101,-0.154,-0.186,1.12
GVCRCICGRGVCRCICGR,BASU050101,0.148,0.056,0.882
GVIPCGESCVFIPCISAAIGCSCKNKVCYRN,BASU050101,0.038,-0.008,0.969
GVPCGESCVFIPCITGVIGCSCSSNVCYLN,BASU050101,0.04,-0.026,0.986
IWNNMTWMEWDREINNYTSLIHSLIEESQNQQEKNE,BASU050101,0.122,0.079,0.867
KIMAKPSKFYEQLRGR,BASU050101,0.022,0.021,0.958
KIPCGESCVWIPCLTSVFNCKCENKVCYHD,BASU050101,-0.034,-0.059,1.008
KPVSLSYRCPCRFF,BASU050101,-0.536,-0.566,1.437
LCDCPNGPWVWVPAFCQAVG,BASU050101,0.057,0.019,0.897
LEAIPCSIPPCFAFNKDFVF,BASU050101,-0.136,-0.164,1.095
LEAIPCSIPPCLAFAKPFVF,BASU050101,-0.072,-0.181,1.112
LEAIPCSIPPCVFFGKPFVF,BASU050101,0.119,-0.013,0.96
LEAIPCSIPPCVLFNKPFVF,BASU050101,0.136,-0.003,0.952
LEAIPCSIPPEFLFGKPFVFLEAIPCSIPPEFLFGKPFVF,BASU050101,0.121,0.018,0.955
LEAIPISIPPEVFFGKPFVF,BASU050101,-0.022,-0.09,1.035
LEAIPMCIPPECFFNKPFVF,BASU050101,0.239,0.134,0.812
LEAIPMCIPPECLFGKPFVF,BASU050101,0.248,0.138,0.809
LEAIPMKIPPEFLFGKPFVF,BASU050101,0.127,0.049,0.895
LEAIPMSCPPEFCFGKPFVF,BASU050101,0.05,0.023,0.904
LEAIPMSIPPEFAFNKDFVF,BASU050101,-0.159,-0.137,1.06
LEAIPMSIPPEIAFNKPFVF,BASU050101,-0.136,-0.137,1.06
LEAIPMSIPPELAFAKPFVF,BASU050101,-0.104,-0.135,1.06
LEAIPMSIPPEVKFNKPFVF,BASU050101,-0.259,-0.221,1.138
LIHSLIEESQNQQEKNEQELLELDKWASLWNWFNIT,BASU050101,0.04,0.032,0.936
LLGDLLRKSKEKIGKEFKRIVQRIKDFLRNLVPRTES,BASU050101,0.1,0.076,0.891
LLRIPQAIMDMIAGAHWG,BASU050101,-0.034,-0.067,0.967
LPLPAPSFHRTT,BASU050101,-0.382,-0.439,1.273
NEYHGFVDKANNENKRKKQQGRDDFVVKPNNFANRRRKDDYNENYYDDVDAADVV,BASU050101,0.212,0.1,0.868
NGVIPCGESCVFIPCISTLLGCSKNKVCYR,BASU050101,0.201,0.128,0.851
NNYTSLIHSLIEESQNQQEKNEQELLELDKWASLWN,BASU050101,0.082,0.059,0.928
PNGPWVWVPAFCQAVGWGDP,BASU050101,0.202,0.22,0.764
PQITLRKKRRQRRRPPQVSFNFATLNF,BASU050101,-0.318,-0.356,1.285
PTGERVWDRGNVTLLCDCPN,BASU050101,0.141,0.126,0.857
QLLDVVKRQQEMLRLTVWGTKNLQARVTAIEKYLKDQ,BASU050101,-0.116,-0.118,1.104
QLLIRMIYKNILFYLVPGPGHGAEPERRNIKYL,BASU050101,0.516,0.404,0.576
RGGRLCYCRRRFCVCVGR,BASU050101,0.405,0.373,0.612
RGNVTLLCDCPNGPWVWVPA,BASU050101,0.163,0.143,0.854
RIPTGERVWDRGNVTLLCDC,BASU050101,0.034,0.03,0.952
SGKSFKAGVCPPKKSAQCLRYKKPECQSDWQCPGKKRCCPDTCGIKCLDPVDTPNPTRRKPGKCPVTYGQCLMLNPPNFCEMDGQCKRDLKCCMGMCGKSCVSPVKA,BASU050101,-0.043,-0.093,1.089
SNQGGSPLPRSV,BASU050101,0.155,-0.11,0.894
SSGLYHVTNDCPNSSIVY,BASU050101,0.295,0.251,0.717
SYRCPCRFFES,BASU050101,-0.249,-0.284,1.155
SYSMEHFRWGKPV,BASU050101,-0.328,-0.416,1.233
TLLCDCPNGPWVWVPAFCQA,BASU050101,0.231,0.177,0.82
VCYRNGIPCGESCVWIPCISAALGSCK,BASU050101,-0.04,-0.06,1.009
WDRGNVTLLCDCPNGPWVWV,BASU050101,0.218,0.193,0.768
WMEWDREIEALAKAAEALAKAAEALAKAAWASLWNWF,BASU050101,-0.112,-0.154,1.106
WMEWDREIEEAAKKLEEAAKKLEEAAKKLWASLWNWF,BASU050101,-0.148,-0.196,1.143
WVWVPAFCQAVGWGDPITHW,BASU050101,0.01,-0.034,1.025
YPGHITGHRMANMMMNW,BASU050101,-0.049,-0.165,1.052
YQLAIRMIYKNI,BASU050101,-0.173,-0.356,1.262
YQLLIRAIYKNI,BASU050101,0.254,-0.016,0.97
YQLLIRMAYKNI,BASU050101,0.104,-0.058,0.989
YQLLIRMIAKNI,BASU050101,0.205,0.005,0.943
YQLLIRMIYANI,BASU050101,0.279,-0.112,1.061
YQLLIRMIYKAI,BASU050101,0.337,-0.064,1.016
YQLLIRMIYKNA,BASU050101,0.4,0.19,0.804
YTSLIHSLIEESQNQQEKNQQELLQLDKWASLWNWF,BASU050101,0.115,0.102,0.858
YTSLIQSLIEESQNQQEKNEQQLLELDKWASLWNWF,BASU050101,0.104,0.089,0.871
ALWKTMLKKLGTMALHAGKAALGAAADTISQGTQ,BASU050101,-0.103,-0.139,1.13
GLFGVLAKVAAHVVPAIAEHF,BASU050101,-0.028,-0.188,1.108
GLLSVLGSVAKHVLPHVVPVIAEHL,BASU050101,0.044,-0.097,1.041
CGRLLLRRQRRRAHQN,BASU050101,0.351,0.45,0.521
EWRKKRYSTQV,BASU050101,-0.11,-0.282,1.008
FFGKVLKLIRKIF,BASU050101,0.281,-0.033,0.987
FFHHIFRGIVHVGKTIHRLVTG,BASU050101,0.12,-0.009,0.948
GFKDLLKGAAKALVKTVLF,BASU050101,0.217,0.107,0.835
GFLDIIEKIAKSW,BASU050101,-0.235,-0.205,1.147
GFLSILKKVLPKVMAHMK,BASU050101,-0.046,-0.143,1.068
GFNEIVQDIEDFLQNLV,BASU050101,-0.167,-0.131,1.067
GIGAVLKVLTTGLPALISWIKRKRQQ,BASU050101,-0.061,-0.096,1.059
GIIDIAKKLFESW,BASU050101,-0.23,-0.201,1.144
GIWDTIKSMGKVFAGKILQNL,BASU050101,-0.018,-0.021,0.954
GIWSDLAEIIKKF,BASU050101,-0.247,-0.203,1.101
GLLGLLGSVVSHVVPAIVGHF,BASU050101,0.034,-0.132,1.07
GLRRLLGRLLRRLGRLLLR,BASU050101,0.061,-0.117,1.054
GLRSKIWLWVLLMIWQESNKFKKM,BASU050101,0.368,0.272,0.712
GLRSRIWLWVLLMIWQESNRFKRM,BASU050101,0.374,0.276,0.705
GWFDIIKKIASEL,BASU050101,-0.332,-0.264,1.151
GWFDVVKHIAKRF,BASU050101,-0.293,-0.297,1.175
ILGPVLGLVSRTLRRVLGIL,BASU050101,0.062,-0.116,1.069
LLKELWTKIKGAGKAVLGKIKGLL,BASU050101,0.063,0.039,0.899
MTWEAWDRAIAEYAARIEALIRAAQEQQEKNEAALREL,BASU050101,-0.004,-0.014,0.965
MTWMAWDRAIANYAALIHALIEAAQNQQEKNEAALLEL,BASU050101,0.142,0.166,0.803
MTWMEWDREINNYTSLIHSLIEESQNQQEKNEQELLEL,BASU050101,0.059,0.028,0.932
SLSRFLRFLKIVYRRAF,BASU050101,0.054,-0.183,1.091
TTWEAWDRAIAEYAARIEALIRALQELQEKLEAILREL,BASU050101,-0.162,-0.179,1.142
TTWEEWDREINEYTSRIESLIRESQEQQEKNEQELREL,BASU050101,0.013,-0.114,1.057
VFQFLGRIIHHVGNFVHGFSHVF,BASU050101,0.07,-0.077,1.036
WQEWEQKITALLEQAQIQQEKNEYELQKLDKWASLWEWF,BASU050101,-0.168,-0.179,1.138
YVSGKARGWFYRHHYESPHPRISSEVHIPLGDARLV,BASU050101,0.029,0.025,0.929
AEGIGALFLGFLGAAGSTMGARSMTLTVQARQL,BASU050101,-0.053,-0.056,1.018
AIRDTNKAVQSVQSSIGNLIVAIKSVQDYVNKEIV,BASU050101,0.024,0.016,0.962
AKQARSDIEKLKEAIRDTNKAVQSVQSSIGNLIVA,BASU050101,-0.018,-0.029,1.028
AVALVEAKQARSDIEKLKEAIRDTNKAVQSVQSSI,BASU050101,-0.07,-0.079,1.04
DISIELNKAKSDLEESKEWIRRSNQKLDSIGNWHQ,BASU050101,-0.289,-0.352,1.324
KLKEAIRDTNKAVQSVQSSIGNLIVAIKSVQDYVN,BASU050101,-0.093,-0.078,1.058
LNNSVALDPIDISIELNKAKSDLEESKEWIRRSNQ,BASU050101,-0.327,-0.312,1.264
RSDIEKLKEAIRDTNKAVQSVQSSIGNLIVAIKSV,BASU050101,-0.085,-0.072,1.039
AQITAAVALVEAKQARSDIEKLKEAIRDTNKAVQS,BASU050101,-0.047,-0.056,1.042
RFLVCWKQKIWGKARPSMCTRRARF,BASU050101,0.258,0.329,0.623
AAHLIDALYAEFLGGRVLTTPVVHRALFYASAVLRQPFLAGVPSA,BASU050101,0.219,0.121,0.88
FLPVLAGIAAKVVPALFCKITKKC,BASU050101,0.106,-0.075,1.047
GHRRYFTFGGGYVYF,BASU050101,0.329,0.27,0.652
GIGKFLHSAGKFGKAFVGEIMKS,BASU050101,-0.06,-0.051,1.014
GLASTLTRWAHYNALIRAF,BASU050101,-0.123,-0.2,1.096
HEFVPLEVYTRHEIK,BASU050101,-0.348,-0.341,1.283
HRWRKRWRKWRWRKRWRK,BASU050101,-0.022,-0.318,1.273
KRWRKRWRKKRWRKRWRK,BASU050101,0.092,-0.111,1.068
KTTSSIEFARLQFTY,BASU050101,-0.444,-0.456,1.372
LRKRKRLRKLRKRKRLRK,BASU050101,-0.125,-0.18,1.061
LRTRKRGRKLRTRKRGRK,BASU050101,0.148,-0.075,0.852
LRWRKRWRKLRWRKRWRK,BASU050101,-0.164,-0.306,1.135
RARRSLLIASALCTSDVAAATNADLRTALARADHQKTLFWL,BASU050101,0.183,0.194,0.775
RRCICTTRTCRFPYRRLGTCIFQNRVYTFCC,BASU050101,0.058,-0.021,1.002
RRWRKRWRKRRWRKRWRK,BASU050101,0.065,-0.17,1.135
RTRKRWRKRTRKRGRK,BASU050101,0.281,0.001,0.982
RWRKRGRKRWRKRGRK,BASU050101,0.253,-0.003,0.991
RWRKRWRKRWRKRWRK,BASU050101,0.036,-0.197,1.155
RWRKRWRWRKRWRWRKRW,BASU050101,-0.045,-0.312,1.231
TARLQLEARLQHLVAEILEREQSLALHALGYQLAFV,BASU050101,-0.181,-0.246,1.214
TTPKFTVAWDWVPKR,BASU050101,-0.154,-0.187,1.159
VFQFLGKIIKKVGNFVKGFSKVF,BASU050101,0.017,-0.066,1.024
VVCACRRALCLPLERRAGFCRIRGRIHPLCCRR,BASU050101,0.022,-0.054,1.016
YDHIQDHVNTMFSRLATSWCLLQNKERALWAEAA,BASU050101,0.075,0.082,0.905
ILPWKWPWWPWRR,BASU050101,-0.106,-0.174,1.025
GMASKAGAIAGKIAKVALKAL,BASU050101,-0.113,-0.131,1.032
GIGKFLKKAKKGIGAVLKVLTTGL,BASU050101,-0.115,-0.109,1.048
ALSKALSKALSKALSKALSKALSK,BASU050101,-0.198,-0.196,1.176
KKLLKKLKKLLKKL,BASU050101,-0.093,-0.103,1.021
CATCEQIADSQHRSHRQMV,BASU050101,0.146,0.136,0.716
CATCQIADSHRSHRQMV,BASU050101,0.129,0.151,0.707
PPWCCCSPMKRASPPPAQSDLPATPKCPP,BASU050101,0.077,-0.023,1.011
RRKKAAVALLPAVLLALLAP,BASU050101,0.537,0.329,0.628
RRKKAVLLALLAP,BASU050101,0.731,0.553,0.416
RRKKLPAVLLALLAP,BASU050101,0.457,0.265,0.69
RRKKPAVLLALLAP,BASU050101,0.718,0.604,0.382
RRKKVLLALLAP,BASU050101,0.69,0.447,0.512
RRKKVALLAVLLALLA,BASU050101,0.681,0.235,0.724
GLLRKGGEKIGEKLKKIGQKIKNFFQKLVPQPEQ,BASU050101,0.009,0.001,0.987
RKKLAVLLALLA,BASU050101,0.663,0.193,0.752
RRKKAAAAAAAAA,BASU050101,0.108,0.729,0.267
HGVSGHGQHGVHG,BASU050101,-0.099,-0.332,1.288
KWKVFKKIEKMGRNIRNGIVKAGPAIAVLGEAKAL,BASU050101,-0.013,-0.013,0.97
DLGPPISLERLDVGTNLGNAIAKLEDAKELLESSD,BASU050101,-0.404,-0.32,1.277
LERLDVGTNLGNAIAKLEDAKELLESSDQILRSMK,BASU050101,-0.159,-0.138,1.096
LHRIDLGPPISLERLDVGTNLGNAIAKLEDAKELL,BASU050101,-0.553,-0.411,1.348
LFRLIKSLIKRLVSAFK,BASU050101,0.111,-0.119,1.046
ECKFTVKPYLKRFQVYYKGRMWCP,BASU050101,-0.168,-0.241,1.18
GIKCRFCCGCCTPGICGVCCRF,BASU050101,-0.239,-0.375,1.281
GFIFHIIKGLFHAGKMIHGLV,BASU050101,0.271,0.075,0.868
CDSCERCWYVWLILLRVRLRLLVSL,BASU050101,0.31,-0.023,1.004
CTMCRYQQNCFTRRLIVGGMLLVFV,BASU050101,0.512,0.362,0.627
PPDVHTPPHALWRLHLSLRVCLVRMWIH,BASU050101,-0.077,-0.158,1.127
DASISQVNEKINQSLAFIRKSDELLHNVNAGKSTT,BASU050101,-0.02,-0.035,1.013
KKRKRRFLGFLLGVGSA,BASU050101,0.126,0.095,0.893
SSVITSLGAIVSCYGKT,BASU050101,-0.032,-0.05,1.011
PTTFMLKYDENGTITDAVDC,BASU050101,-0.165,-0.167,1.132
QYGSFCTQLNRALSGIAAEQ,BASU050101,-0.227,-0.25,1.222
YQDVNCTDVSTAIHADQLTP,BASU050101,-0.418,-0.422,1.362
GVFVFNGTSWFITQRNFFS,BASU050101,0.44,0.275,0.675
GYFVQDDGEWKFTGSSYYY,BASU050101,0.417,0.363,0.611
GYHLMSFPQAAPHGVVFLHVTW,BASU050101,-0.007,-0.094,1.051
NGIGVTQNVLYENQKQIANQFNKAISQIQESLTTTSTA,BASU050101,-0.098,-0.108,1.096
VYINKLTPPCGTMYYACEAV,BASU050101,0.039,0.012,0.898
AALYKKKIIKKLLES,BASU050101,0.234,0.149,0.822
KNGRKLCLDLQAALY,BASU050101,0.002,-0.018,0.97
KWKLFKKIGIGKFLHAAKKF,BASU050101,-0.281,-0.272,1.2
RRKKAAVALLKAVLLAALAP,BASU050101,0.399,0.28,0.68
RRKKAAVALLKAVLLALAAP,BASU050101,0.399,0.28,0.68
RRKKAVALLPAVLLALLAP,BASU050101,0.567,0.321,0.634
RRKKLLPAVLLALLAP,BASU050101,0.594,0.32,0.634
MKATILLAVVVAVIVGVQEAQSVACRSYYCSKFCGSAGCSLYGCYLLHPGKICYCLHCSRAESPLALSGSARNVNDKNNEMDNSPVMNEMENLDQEMDMF,BASU050101,0.18,0.171,0.821
CGYRGLCRRFCHAQEYIVGHHGCPRRYRCC,BASU050101,-0.026,-0.04,1.02
CDVIALLACHLNT,BASU050101,-0.029,-0.27,1.217
CDVIALLCHLNTPSFNTTHYRESWY,BASU050101,0.011,-0.004,0.982
DTRACDVIALLCHLNT,BASU050101,0.108,0.011,0.903
SCASRCKGHCRARRCGYYVSVLYRGRCYCKCLRC,BASU050101,0.039,0.023,0.948
ACYCRIPACIAGERRYGTCIYQGRLWAFCC,BASU050101,0.199,0.171,0.828
ALWKTLLKKVLKAAAKAALNAVLVGANA,BASU050101,0.139,0.066,0.933
ARATCYCRTGRCATRESLSGVCEISGRLYRLCCR,BASU050101,-0.023,-0.032,1.025
KPKQIKPPLPSV,BASU050101,-0.222,-0.273,1.118
SVITIELSNIKENKCNGTDAKVKLIKQELDKYKNA,BASU050101,-0.257,-0.228,1.212
EGPTLGNWAREIWATLFGKA,BASU050101,0.054,0.06,0.919
TWLRAIWDWVCTALTDFK,BASU050101,-0.148,-0.256,1.197
PPVYTKDVDISSQISSMNQSLQQSKDYIKEAQKILDTVNPSL,BASU050101,-0.18,-0.183,1.143
ANTAFVSSAHNTQKIPAGAPFNRNLRAMLADLRQNAAFAG,BASU050101,-0.116,-0.151,1.135
CGGNNLLRAIEAQQHLLQLTVWGIKQLQARILAVERYLKDQ,BASU050101,-0.034,-0.06,1.049
GGTIFDCGETCFLGTCYTPGCSCGNYGFCYGTN,BASU050101,-0.005,-0.004,0.977
GVCRCLCRRGVCRCICRR,BASU050101,0.164,0.036,0.885
WMEWDREIEELAKKAEELAKKAEELAKKAWASLWNWF,BASU050101,-0.111,-0.153,1.101
YALLIRMIYKNI,BASU050101,0.406,0.063,0.9
YQLLARMIYKNI,BASU050101,0.127,-0.033,0.967
YQLLIAMIYKNI,BASU050101,0.36,0.015,0.944
GLFGVLGSIAKHVLPHVVPVIAEKL,BASU050101,0.029,-0.097,1.041
DWHLGQGVSIEWRKK,BASU050101,-0.565,-0.571,1.471
FLFPLITSFLSKVL,BASU050101,0.467,0.038,0.926
GLFDIIKKIAESW,BASU050101,-0.202,-0.181,1.125
GWLKKIESIIDAF,BASU050101,-0.278,-0.226,1.122
HVDKKVADKVLLLKQLRIMRLLTRL,BASU050101,0.1,-0.006,0.972
ELNKAKSDLEESKEWIRRSNQKLDSIGNWHQSSTT,BASU050101,-0.034,-0.225,1.213
RGGKIAGKIAKIAGKIAKIAGKIA,BASU050101,-0.114,-0.119,1.109
CGECGGGHIVGRFCMVVRFLRLVFI,BASU050101,0.451,0.236,0.751
CRCCELKSLCPTLMRVVRLLGLVLL,BASU050101,0.101,-0.175,1.147
ANVVATYPAHS,BASU050101,0.014,0.008,0.929
CLRKLRKRLLRC,BASU050101,-0.003,-0.098,1.075
SKHSSLDCVLRP,BASU050101,0.061,0.054,0.911
MHRSLLGRMKGA,BASU050101,0.096,0.096,0.904
KKKKYRNIRRPG,BASU050101,0.014,-0.189,1.139
HRILMRIRAMMT,BASU050101,0.037,-0.079,1.017
HRALMRIRQMMT,BASU050101,-0.093,-0.193,1.141
HRIAMRIRQMMT,BASU050101,-0.199,-0.395,1.325
ARILMRIRQMMT,BASU050101,0.031,-0.061,1.028
HRILMRIRQAMT,BASU050101,0.059,0.011,0.948
HRILMRIAQMMT,BASU050101,0.102,0.022,0.925
HRILMRIRQMMA,BASU050101,0.061,-0.016,0.985
HRILMRIRQMAT,BASU050101,0.056,0.007,0.952
HRILMRARQMMT,BASU050101,0.2,0.35,0.642
WLVFFVIAYFAR,BASU050101,1.251,0.27,0.561
HVTTTFAPPPPR,BASU050101,0.037,0.03,0.959
SVVPSKATWGFA,BASU050101,-0.097,-0.107,1.054
FKPSSPPSITLW,BASU050101,0.094,0.066,0.822
ATHTICDRNHTW,BASU050101,0.127,0.146,0.825
ACFPWGNTWCGGK,BASU050101,0.132,0.18,0.808
ACFPWGKEYCGGK,BASU050101,0.119,0.141,0.848
ACFPWGNQWCGGK,BASU050101,0.136,0.18,0.809
IFKAIWSGIKSLF,BASU050101,0.107,0.013,0.913
YRWRGPTAAFLSLV,BASU050101,0.161,0.144,0.787
RRGRIGRNPSQVGD,BASU050101,0.074,-0.154,1.1
RRGRVGRNPNQVGD,BASU050101,0.075,-0.156,1.101
ECRSTSYAGAVVNDL,BASU050101,-0.064,-0.067,0.948
RGILIHNTIFGEQVF,BASU050101,0.509,0.317,0.65
SSSTSTQVQILSNAL,BASU050101,0.184,0.159,0.739
RRLQVGGGTLKFFLT,BASU050101,-0.037,-0.081,1.051
GWWYKGRARPVSAVA,BASU050101,-0.092,-0.129,1.077
RAVWRHSVATPSHSV,BASU050101,0.01,0.003,0.881
AVASVPRARGKYWWG,BASU050101,-0.092,-0.129,1.077
DFRRLPGAFWQLRQP,BASU050101,-0.311,-0.311,1.206
AETVESCLAKPHTEN,BASU050101,0.15,0.133,0.852
ADGSLLGRMKGAAG,BASU050101,0.207,0.155,0.831
PRPISYLKGSSGGPL,BASU050101,0.118,0.037,0.852
GQPEEGAPCQVVLQGA,BASU050101,0.402,0.439,0.563
VRLGSISVIGIVRGKK,BASU050101,-0.264,-0.216,1.143
GSRVQIRCRFRNSTR,BASU050101,-0.16,-0.2,1.153
WLVFFVIFYFFRRRKK,BASU050101,1.367,0.777,0.192
RRKKWLVFFVIFYFFR,BASU050101,1.319,0.681,0.252
RGGSVVIVGRIILSGRK,BASU050101,0.702,0.49,0.511
FKLRAKIKVRLRAKIKL,BASU050101,-0.812,-0.774,1.649
RTQRRGRTGRGKPGIYR,BASU050101,0.327,0.324,0.694
STQRRGRTGRGRRGIYR,BASU050101,0.294,0.272,0.725
LFGLIPSLIGGLVSAFK,BASU050101,-0.003,-0.143,1.076
AALEAKICHQIEYYFGDF,BASU050101,-0.28,-0.303,1.244
SWRLDIWDWICESVLDFK,BASU050101,-0.532,-0.427,1.358
DWLKAFYDKVAEKLKEAF,BASU050101,-0.119,-0.106,1.002
FILAFLGWIGAIVSTALP,BASU050101,0.267,-0.075,1.006
AFLGWIGAIVSTALPQWR,BASU050101,-0.025,-0.134,1.105
GWIGAIVSTALPQWRIYS,BASU050101,-0.088,-0.163,1.075
GAIVSTALPQWRIYSYAG,BASU050101,-0.074,-0.127,1.042
VSTALPQWRIYSYAGDNI,BASU050101,-0.137,-0.126,1.007
ALPQWRIYSYAGDNIVTA,BASU050101,0.024,0.006,0.993
AGALMFAWLLLGLQGIFN,BASU050101,0.153,-0.134,1.069
MASAGMQILGVVLTLLGW,BASU050101,0.113,-0.039,1.035
MANSGLQLLGFSMALLGW,BASU050101,-0.188,-0.211,1.197
MASTGLELLGMTLAVLGW,BASU050101,-0.211,-0.261,1.245
AGDDQGLDKCVPNSKEK,BASU050101,0.329,0.065,0.926
IPESSELTLQELLGEERR,BASU050101,0.082,0.041,0.891
TLKPIFKLPLGINITNFR,BASU050101,-0.771,-0.686,1.623
PPATHTIADRNHTPFSDV,BASU050101,-0.055,-0.194,1.064
RQMRAWGQDYQHGGMGYSC,BASU050101,-0.145,-0.486,1.399
TDVILMCFSIDSPDSLENI,BASU050101,0.033,0.021,0.939
CSIELSDIPLSVDFNTMID,BASU050101,-1.107,-0.752,1.666
FWFTLIKTQAKQPARYRRFC,BASU050101,0.134,0.138,0.808
ALDKLEESNSKLDKVNVKLT,BASU050101,-0.462,-0.367,1.347
ALDKAEESNSKADKVNVKLT,BASU050101,-0.135,-0.227,1.213
FKVKAKVKAKVKAKVKAKKKK,BASU050101,-0.439,-0.516,1.411
PLSPPLRNTHPQAMQWNSTTF,BASU050101,-0.091,-0.225,1.101
VLDLIYSLHKQINRGLKKIVL,BASU050101,-0.023,-0.1,1.05
QLQKWEDWVRWIGNIPQYLKG,BASU050101,-0.164,-0.156,1.118
KAAKKAAKAAKKAAKWAKKAA,BASU050101,0.065,-0.126,1.077
AKKAAKKAKKAAKKAKKAAKK,BASU050101,0.177,-0.125,1.069
ARRAWRRARRAARRARRAARR,BASU050101,0.066,-0.075,1.036
ARRAKRRARRAKRRARRKKRR,BASU050101,0.194,-0.206,1.127
FLDSKAELEKARKILSEVGRWY,BASU050101,-0.06,-0.05,0.986
FAKKFAKKFKKFAKKFAKFAFAF,BASU050101,-0.2,-0.23,1.147
FLFAFRIFKRVFKKFRKLFKRAF,BASU050101,0.201,-0.028,0.99
FALALKALKKALKKLKKALKKAL,BASU050101,-0.22,-0.242,1.161
FAIAIKAIKKAIKKIKKAIKKAI,BASU050101,-0.211,-0.237,1.155
QLESLTDRELLLLIARKTCGSVE,BASU050101,0.195,0.133,0.844
LLDCWVRLGRYLLRRLKTPFTRL,BASU050101,-0.134,-0.217,1.153
MANAGLQLLGFILAFLGWIGAIVS,BASU050101,0.062,-0.18,1.133
SISNALNKLEESNRNLDKVNVKLT,BASU050101,-0.494,-0.41,1.38
NILRLKESITATIEAVHEVTDGLS,BASU050101,-0.342,-0.287,1.242
FRFKIKFRLKFRFKARFKFRAKFRA,BASU050101,-0.793,-0.834,1.771
PTSNHSPTSCPPTCPGYRWMCLRRF,BASU050101,0.061,0.033,0.87
SDHSESIQKKFQLMKEHVNKIGVDS,BASU050101,-0.197,-0.224,1.196
FAVGLRAIKRALKKLRRGVRKVAKDL,BASU050101,-0.424,-0.385,1.304
ALQELLGEYIQWLKDGGPSSGRPPPS,BASU050101,0.336,0.282,0.717
CTEEHIVATELVIQEMYIKINVKNSP,BASU050101,0.153,0.121,0.865
FKCRRWQWRMKKLGAPSITCVRRAFA,BASU050101,-0.266,-0.359,1.293
FLAAARIAKRVAKKARKLAKRAARKRK,BASU050101,0.101,0.151,0.774
KKKKFVKKVAKKVKKVAKKVAKVAVAV,BASU050101,-0.104,-0.115,1.062
KRKRFAKKFLRFLRKVIRFLKRFIRRF,BASU050101,0.147,0.024,0.934
HMNASDMEIKSYINMIESVEESSNYDF,BASU050101,-0.243,-0.277,1.216
RWMVWRHWFHRLRLPYNPGKNKQNQQWP,BASU050101,0.016,0.016,0.97
RRRRRRRRHPAEPGSTVTTQNTASQTMS,BASU050101,0.211,-0.016,0.997
RIILGQCIKREAEAAIEQIFRTKYNDSH,BASU050101,0.186,0.18,0.818
CCFLRIQNDSIIRLGDLQPLSQRVSTDWQ,BASU050101,-0.112,-0.094,1.079
FGGASCCLYCRCHIDHPNPKGFCDLKGKY,BASU050101,-0.058,-0.057,1.001
AWDFGSLGGVFTSIGKALHQVFGAIYGAA,BASU050101,-0.254,-0.244,1.235
AWDFGSVGGVLNSLGKMVHQIFGSAYTAL,BASU050101,-0.25,-0.221,1.182
AWDFGSIGGVFTSVGKLVHQVFGTAYGVL,BASU050101,-0.214,-0.204,1.171
AWDFGSVGGLFTSLGKAVHQVFGSVYTIM,BASU050101,-0.256,-0.244,1.235
CRFPNITNSHVPILQERPPLENRVLTGWGL,BASU050101,-0.134,-0.119,1.072
CCFLNITNSHVSILQERPPLENRVLTGWGL,BASU050101,-0.014,-0.023,0.988
GAKKGAKKGKKGAKKGAKGAGAKGAGAFKKKK,BASU050101,0.268,-0.15,1.134
VVTTRLFMSLVASVRNAFQSGYISFDEIIKTE,BASU050101,0.023,-0.017,0.977
SMEKLAGFGAVGAGATAEETRRMLHRAFDTLA,BASU050101,-0.187,-0.244,1.222
CEEIRARLSTHLRKMRKRLMRDADDLQKRLAVY,BASU050101,-0.125,-0.133,1.102
MAILGDTAWDFGSLGGVFTSIGKALHQVFGAIY,BASU050101,-0.102,-0.105,1.093
YKFACPECPKRFMRSDHLSKHITLHELLGEERR,BASU050101,-0.042,-0.049,1.027
ALNCYWPLNDYGFYTTTGIGYQPYRVVVLSFEL,BASU050101,-0.309,-0.346,1.312
DLSNQINSINKSLKSAEDWIADSNFFANQARTAK,BASU050101,-0.059,-0.098,1.07
NADIIKSLIRKTIINASKNTASLSILQHLYVLRS,BASU050101,0.133,0.078,0.895
FAVAVKAVAVKAVAVKAVKKAVKKVKKAVKKAVKKKK,BASU050101,-0.166,-0.206,1.162
KRKRAVKRVGRRLKKLARKIARLGVAKLAGLRAVKLF,BASU050101,-0.331,-0.341,1.296
GICRCICGRGICRCICGRIGGRVPGVGVPGVGHHHHHH,BASU050101,-0.158,-0.165,1.144
DLSLDFEKLNVTLLDLTYEMNRIQDAIKKLNESYINLKE,BASU050101,-0.646,-0.473,1.431
VRLASHLRKLRKRLLRDADDLIRLQAEAFQARLKSWFEPLV,BASU050101,-0.095,-0.091,1.051
NFYDPLVFPSDEFDASISQVNEKINQSLASIRKSDELLHNVNAGK,BASU050101,-0.087,-0.076,1.064
QKQIANQFNKAISQIQESLTTTSTALGKLQDVVNQNAQALNTLVKQ,BASU050101,-0.124,-0.127,1.119
QNQSANQFQKEISQINEVLTTTNTSLGKLQDDVNQNNQSLNTLQKE,BASU050101,-0.127,-0.193,1.182
NQNAQALNTLVKQLSSNFGAISSVLNDILSRLDKVEAEVQIDRLIT,BASU050101,-0.25,-0.199,1.185
GRRRRSVQWCAVSQPEATKCFQWQRNMRKVRGPPVSCIKRDSPIQCIQA,BASU050101,-0.044,-0.072,1.061
KQRQNKPPSKPNNDFHFEVFNFVPCSICSNNPTCWAICKRIPNKKPGKK,BASU050101,0.138,0.116,0.879
AVSKVLHLEGEVNKISALLSTNKAVVSLSNGVSVLTSKVLDLDNYIDKQLLPIVNK,BASU050101,-0.143,-0.121,1.113
PKEELDKYFKNHTSPDVDLGDISGINASVVNIQKEIDRLNEVAKNLNESLIDLQELGKYE,BASU050101,-0.429,-0.343,1.33
EELRVRLASHLRKLRKRLLRDADDLQKRLAVYEEQAQQIRLQAEAFQARLKSWFEPLVEDM,BASU050101,-0.137,-0.127,1.117
