Sequence,length
YNISILEKALSIKLGEKELTTRLL,24
SLRLTDWVDWLSSN,14
SLIRKLLLESSDLK,14
FAKKKKKAFKKFKKKRAFKFR,21
QYSTLGCGAIGGGARPGR,18
CFKPSLLLGDRLSSNAQKLS,20
ALGLSVNAKSLEELSLDKS,19
SLEKESELEELDALKSNLQLE,21
KKKKAALKKKKKKKLLLRDVKLLEDAVLTS,30
DWICWRPVSDILRLSLRR,18
ALLEKSKK,8
RRLRRFFVFRR,11
NGSILLRGKGVSVGAPAVSTWHWF,24
GSLRIRLRCRVRLRLRRRRRRCR,23
RKFRKLRRRACRFIRRFR,18
DSLLDVGISLSLELLDVKK,19
WDWDWISIDWICEEWEESDVKEASV,25
LLDFKLSDAK,10
RKGGVPPAIGAKLSPEKR,18
DSLCFIWDWDWLSV,14
ERKQIAIGESIGGTTHLAFGGSPA,24
RNAVLGGGIGAIIGFIITGGALGRAR,26
GSVLGGAIRRLLGAFGGFK,19
FWDVSLGRGRLLGRRL,16
FKKFAKKKKWKRLKKKAR,18
RLRTWTRRCKLRLRRVHGGFLWGECRRK,28
RDWSVDCIIWWDWVCGK,17
GFSGVFFTGAIGGSGGARAF,20
SWDWCELLLEFGWSLGNAGANALNKTAL,28
SILEQEAIEALSELSDLELRDVNISK,26
RLRLRIRVRRRRRGRRRRHFTSTPRPGRRS,30
SISLDVDSLSTNKLL,15
RRAKFVLRGKISLRLRALRSVSSF,24
KSLVLLDIKWKISKLLEESSIDRRLNGR,28
PSISRLDWLGDVDSIISWIDKVKS,24
FRKVVAITFFTFVTSA,16
FAILRKRKKFAVGAYRPVR,19
RTQRRRRRPTRVTGR,15
VSLVKAALKE,10
AICWFNWIGRGRGGRLDIQCFGAGGGGSF,29
FAINIWHWDWICIWVFDHLEL,21
RGILFDVLTARLGRLSLYSRTCPDA,25
GSLTHQVVLGTAAIKIDIQSKSSNDKKE,28
ALRKWDVWLDWDWWCVLDFF,20
HALVGTLGFVSLGGPAIPSV,20
DSIEWILKKAAAELSKEVSRNQ,22
VTTQQICMFAKVSVLGGLQELLDFK,25
LRPISISISSILSESIRKRKQ,21
SVLLEEAKERLRR,13
ALKAKLKKDKEEDVKGKLNSDWK,23
DLEELDWGIWGRRNWS,16
RRRRVCRPTT,10
YESLSLDFKLLLESIDVKS,19
CRWRRRDVSQVRVKYYCT,18
FRLRRARKKRKRKGR,15
ADLCEVRDWISGLSD,15
RRRVKLRRAILRAVRARFRRA,21
AIWDWDWLIWWGWLSVGF,18
QVSSITTGVAVTGFG,15
KALRKRKKAIARAFRRRLRFFFRRFRKKK,29
SWLDWICWRGWVDSISVDLSLVST,24
DSIIWDIWWSVCPWVRSDAILDKVSL,26
LRKFPSIAILGGAVLEEKVLTTK,23
ADWDSLLSDVGLSDLGNKVKS,21
SDSIELQAISTNASNAKL,18
RWGICGRCGRFLALGAKGA,19
GSLIGGPWICVRLIRLGGPRRAIPRCRY,28
KKAKLKKKKKLKVKKLKKIFKKKKKL,26
WDWDWICWIGWPW,13
AVLFKAILKKKKKKALDKL,19
AKAKVAKKKAKK,12
KAKWDMKFLKKM,12
GKFLGAVGAKIHQEVLTAF,19
RRLLRVRRRMRRRFRFRRRCRFGRA,25
FKLAKKAKVKKAVAAKKAA,19
SLRDWICEVLGKIRKVKL,18
NWDWRDWYYSMLVWRVSLVLDSK,23
SLRDWICILFKEL,13
FKKKVAKLAVKAAKKAKKKVK,21
FLGSIISTHFFTR,13
LRWDWWDWVDDWIWWCP,17
AWLFFKKFAKVKKAFRRARRKRKFR,25
ALRDIQWIGIWISLVFFS,18
GAWLESWRILTCIWSFLDLT,20
AAILSLIKSINKISQELETSLLNKRLGKS,29
RRAKRAKIAIKCCFIGGTTSQPMRRA,26
TLRRAIRDLLGRARLLGRGPTQ,22
KAIFKVLGGAYPPGAIRVWGRLA,23
KKAKKKKALKKNKKLKKKAKK,21
DWDWDWWIIWSDWWICKRLRR,21
LRDWICWIERLLSRKQ,16
KAFKKAKKRARLFKKFAFFFF,21
GSVLTGPLAIVLGFK,15
FSLDFLDLDDWDWICVFLST,20
KILLTTWLWRDWLTLFKSNVLLDFK,25
RLRKRILRCIRRRARRAR,18
QQWRTGRIRISFGPRLRRCRR,21
HLSLDVCDWVTDSLSDFLSHS,21
EADSLSLEEEAVKRK,15
DSLEERLDSIRKLE,14
RKKKLAALEKALEKAKALNQKLKESLSDLK,30