Sequence,Activity
FLPLIGRVLSGIL,"['antibacterial', 'antimicrobial', 'antiviral', 'antiparasitic', 'antifungal']"
VVCACRRALCLPRERRAGFCRIRGRIHPLCCRR,"['antibacterial', 'antimicrobial', 'antifungal', 'antiviral']"
RRCICTTRTCRFPYRRLGTCLFQNRVYTFCC,"['antibacterial', 'antimicrobial', 'antifungal', 'antiviral']"
GRFKRFRKKFKKLFKKLSPVIPLLHLG,"['antibacterial', 'antimicrobial', 'antiviral', 'antiparasitic', 'antifungal', 'anticancer']"
GIGTKILGGVKTALKGALKELASTYAN,"['antibacterial', 'antimicrobial', 'antiviral', 'antifungal', 'anticancer']"
ILGPVISTIGGVLGGLLKNL,"['antibacterial', 'antimicrobial', 'antiviral', 'antifungal', 'anticancer']"
GSKKPVPIIYCNRRTGKCQRM,"['antibacterial', 'antimicrobial', 'antiviral', 'antifungal']"
VTCYCRSTRCGFRERLSGACGYRGRIYRLCCR,"['antibacterial', 'antimicrobial', 'antifungal', 'antiviral']"
ACYCRIGACVSGERLTGACGLNGRIYRLCCR,"['antibacterial', 'antimicrobial', 'antifungal', 'antiviral']"
GADFQECMKEHSQKQHQHQG,"['antimicrobial', 'antifungal', 'antiviral']"
KIMAKPSKFYEQLRGR,"['antimicrobial', 'antifungal', 'antiviral']"
NEYHGFVDKANNENKRKKQQGRDDFVVKPNNFANRRRKDDYNENYYDDVDAADVV,"['antimicrobial', 'antifungal', 'antiviral']"
ALWKTMLKKLGTMALHAGKAALGAAADTISQGTQ,"['antibacterial', 'antimicrobial', 'antiviral', 'antiparasitic', 'antifungal']"
HGVSGHGQHGVHG,"['antimicrobial', 'antiviral', 'antiparasitic', 'anticancer']"
FISAIASMLGKFL,"['antibacterial', 'antimicrobial', 'antiviral']"
FLFPLITSFLSKVL,"['antibacterial', 'antimicrobial', 'antiviral']"
GICACRRRFCLNFEQFSGYCRVNGARYVRCCSRR,"['antibacterial', 'antimicrobial', 'antifungal', 'antiviral']"
GFCRCICTRGFCRCICTR,"['antibacterial', 'antifungal', 'antiviral']"
GVCRCLCRRGVCRCLCRR,"['antibacterial', 'antifungal', 'antiviral']"
SCASRCKGHCRARRCGYYVSVLYRGRCYCKCLRC,"['antibacterial', 'antimicrobial', 'antiviral']"
DQYKCLQHGGFCLRSSCPSNTKLQGTCKPDKPNCCKS,"['antibacterial', 'antimicrobial', 'antifungal', 'antiviral']"
VKSTGRADDDLAVKTKYLPP,"['antimicrobial', 'antifungal', 'antiviral']"
GWFDVVKHIASAV,"['antibacterial', 'antimicrobial', 'antiviral']"
ANDPQCLYGNVAAKF,"['antibacterial', 'antimicrobial', 'antifungal', 'antiviral']"
GIINTLQKYYCRVRGGRCAVLSCLPKEEQIGKCSTRGRKCCRRKK,"['antibacterial', 'antimicrobial', 'antiviral', 'antifungal', 'anticancer']"
VYINKLTPPCGTMYYACEAV,"['antimicrobial', 'anticancer', 'antiviral']"
GGLRSLGRKILRAWKKYGPIIVPIIRIG,"['antibacterial', 'antimicrobial', 'antiviral', 'antiparasitic', 'antifungal', 'anticancer']"
CLGIGSCNDFAGCGYAVVCFW,"['antimicrobial', 'antiviral']"
GTACGESCYVLPCFTVGCTCTSSQCFKN,"['antimicrobial', 'antiviral']"
GDPTFCGETCRVIPVCTYSAALGCTCDDRSDGLCKRN,"['antimicrobial', 'antiviral']"
CGESCAMISFCFTEVIGCSCKNKVCYLNSIS,['antiviral']
GGTIFDCGETCFLGTCYTPGCSCGNYGFCYGTN,"['antimicrobial', 'antiviral']"
GFLSILKKVLPKVMAHMK,"['antibacterial', 'antimicrobial', 'antiviral']"
GLRKKFRKTRKRIQKLGRKIGKTGRKVWKAWREYGQIPYPCRI,"['antibacterial', 'antimicrobial', 'antiviral']"
AICKKPSKFFKGACGRDADCEKACDQENWPGGVCVPFLRCECQRSC,"['antimicrobial', 'antibacterial', 'antifungal', 'antiviral']"
ATCRKPSMYFSGACFSDTNCQKACNREDWPNGKCLVGFKCECQRPC,"['antimicrobial', 'antibacterial', 'antifungal', 'antiviral']"
GSVLNCGETCLLGTCYTTGCTCNKYRVCTKD,"['antimicrobial', 'antiviral']"
FLSGIVGMLGKLF,"['antibacterial', 'antimicrobial', 'antiviral', 'antiparasitic', 'antifungal']"
EKKCPGRCTLKCGKHERPTLPYNCGKYICCVPVKVK,"['antibacterial', 'antimicrobial', 'antiviral']"
ILGPVLGLVSDTLDDVLGIL,"['antibacterial', 'antimicrobial', 'anticancer', 'antiviral']"
AKITFTNNHPRTIWP,"['antimicrobial', 'antifungal', 'antiviral']"
GIGAVLKVLTTGLPALISWIKRKRQQ,"['antibacterial', 'antimicrobial', 'antiviral', 'antiparasitic', 'antifungal', 'anticancer']"
AQEPVKGPVSTKPGSCPIILIRCAMLNPPNRCLKDTDCPGIKKCCEGSCGMACFVPQ,"['antibacterial', 'antiviral', 'antiparasitic', 'antifungal']"
AAPCFCSGKPGRGDLWILRGTCPGGYGYTSNCYKWPNICCYPH,['antiviral']
FFGSVLKLIPKIL,"['antibacterial', 'antimicrobial', 'antiviral']"
AACARFIDDFCDTLTPNIYRPRDNGQRCYAVNGHRCDFTVFNTNNGGNPIRASTPNCKTVLRTAANRCPTGGRGKINPNAPFLFAIDPNDGDCSTNF,"['anticancer', 'antiviral']"
SQLGDLGSGAGQGGGGGGSIRAAGGAFGKLEAAREEEFFYKKQKEQLERLKNDQIHQAEFHHQQIKEHEEAIQRHKDFLNNLHK,"['antibacterial', 'antimicrobial', 'antiviral', 'antifungal', 'anticancer']"
GIWDTIKSMGKVFAGKILQNL,"['antibacterial', 'antimicrobial', 'antifungal', 'antiviral']"
GIKCRFCCGCCTPGICGVCCRF,"['antibacterial', 'antimicrobial', 'antiviral', 'anticancer']"
KIPCGESCVWIPCVTSIFNCKCKENKVCYHD,"['antimicrobial', 'antiviral']"
KVCYRAIPCGESCVWIPCISAAIGCSCKN,"['antimicrobial', 'antiviral']"
GSIPACGESCFKGKCYTPGCSCSKYPLCAKN,"['antimicrobial', 'antiviral', 'antiparasitic']"
RICRCICGRRICRCICGR,['antiviral']
SLSRFLSFLKIVYPPAF,"['antibacterial', 'antimicrobial', 'antiviral']"
TCRYWCKTPENQTYCCEDEREIPSKVGLKPGKCPPVRPVCPPTRGFFEPPKTCSNDGSCYGADKCCFDRCLGEHVCKPIQTRG,"['antibacterial', 'antimicrobial', 'antifungal', 'antiviral']"
AKYTGKCTKSKNECKYKNDAGKDTFIKCPKFDNKKCTKDNNKCTVDTYNNAVDCD,"['antimicrobial', 'antifungal', 'antiviral']"
IFGSIYHRKCVVKNRCETVSGHKTCKDLTCCRAVIFRHERPEVCRPQT,"['antimicrobial', 'antibacterial', 'antifungal', 'antiviral']"
DAEFRHDSGYEVHHQKLVFFAEDVGSNKGAIIGLMVGGVVIA,"['antibacterial', 'antifungal', 'antiviral']"
MKTFSVAVAVAIVLAFICTQESSALPVTGVEELVELVSSDDPVADHQELPVELGERLFNIRKKRASPKCTPYCYPTRDGVFCGVRCDF,"['antibacterial', 'antiviral']"
QEAQSVACTSYYCSKFCGSAGCSLYGCYLLHPGKICYCLHCSR,"['antibacterial', 'antimicrobial', 'antiviral', 'antifungal']"
GLPRKILCAIAKKKGKCKGPLKLVCKC,"['antibacterial', 'antimicrobial', 'antifungal', 'antiviral']"
GSGPTYCWNEANNPGGPNRCSNNKQCDGARTCSSSGFCQGTSRKPDPGPKGPTYCWDEAKNPGGPNRCSNSKQCDGARTCSSSGFCQGTAGHAAA,"['antimicrobial', 'antiviral']"
MASYKVNIPAGPLWSNAEAQQVGPKIAAAHQGNFTGQWTTVVESAMSVVEVELQVENTGIHEFKTDVLAGPLWSNDEAQKLGPQIAASYGAEFTGQWRTIVEGVMSVIQIKYTF,['antiviral']
QGWEAVAAAVASKIVGLWRNEKTELLGHECKFTVKPYLKRFQVYYKGRMWCPGWTAIRGEASTRSQSGVAGKTAKDFVRKAFQKGLISQQEANQWLSS,"['antibacterial', 'antifungal', 'antiviral']"
MQLSTIFCFAVLIACARAQVFVKPGHKDEDLAWMRSMGKGHVFGTLGSTDGSLIGKLGYKQNIYNDQRGNLGGTAYGSRVINEYGGTSSFGGKLDWKNANDNARASLDVHKQVGGSSGMTLTGDGVWKLDSKTRLVAGGNLDKTFGYSKPELGIQAKIEHDFK,['antiviral']
MQSSILLIFAAFVACTYAQVSLPPGYAQKYPQYKYSKVARHPRDTTWEHNVGRGKIFGTLGSNDDSVFGRGGYKQDIFNDHRGRLSGQAYGSRVINDYGGSSILGGKLDWSNDNARAALDVHKEIGRGSGMKLSGDGVWKLDHNTRFSAGGNLQKNFGHNRPEFGIQGKIEHDF,['antiviral']
NKGCATCSIGAACLVDGPIPDFEIAGATGLFGLWG,"['antibacterial', 'antimicrobial', 'antiviral']"
GELGRLVYLLDGPGYDPIHCD,['antiviral']
FFLLFLQGAAGNSVLCRIRGGRCHVGSCHFPERHIGRCSGFQACCIRTWG,"['antibacterial', 'antimicrobial', 'antifungal', 'antiviral']"
KRRPAKAWSGRRTRLCCHRVPSPNSTNLKGHHVRLCKPCKLEPEPRLWVVPGALPQV,"['antibacterial', 'antifungal', 'antiviral']"
MASEIHMTGPMCLIENTNGRLMANPEALKILSAITQPMVVVAIVGLYRTGKSYLMNKLAGKKKGFSLGSTVQSHTKGIWMWCVPHPKKPGHILVLLDTEGLGDVEKGDNQNDSWIFALAVLLSSTFVYNSIGTINQQAMDQLYYVTELTHRIRSKSSPDENENEVEDSADFVSFFPDFVWTLRDFSLDLEADGQPLTPDEYLTYSLKLKKGTSQKDETFNLPRLCIRKFFPKKKCFVFDRPVHRRKLAQLEKLQD,['antiviral']
INWDILIDTIKDKL,"['antimicrobial', 'antiviral']"
NRILPTLIGPL,"['antimicrobial', 'antiviral']"
FDLGGLIKGVVDLF,"['antimicrobial', 'antiviral']"
GVVDTLKNLLMGLL,"['antimicrobial', 'antiviral']"
YIRDFITRRPPFGNI,"['antimicrobial', 'antiviral']"
ILSYLWNGIKSIF,"['antibacterial', 'antimicrobial', 'antiviral']"
ALWMTLLKKVLKAAAKAALNAVLVGANA,"['antibacterial', 'antimicrobial', 'antiviral', 'antiparasitic', 'antifungal']"
GLWQKIKSAAGDLASGIVEGIKS,"['antibacterial', 'antimicrobial', 'antiviral']"
HVDKKVADKVLLLKQLRIMRLLTRL,"['antibacterial', 'antimicrobial', 'antifungal', 'antiviral']"
GWMSKIASGIGTFLSGVQQG,"['antibacterial', 'antimicrobial', 'antifungal', 'antiviral']"
QAFKTFTPDWNKIRNDAKRMQDNLEQMKKRFNLNL,"['antibacterial', 'antimicrobial', 'antifungal', 'antiviral']"
SAIACGESCVYIPCFIPGCSCRNRVCYLN,"['antimicrobial', 'antiviral']"
GLVSGLLNTAGGLLGDLLGSLGSLSGGES,"['antibacterial', 'antimicrobial', 'antifungal', 'antiviral']"
GLLSGILNSAGGLLGNLIGSLSN,"['antibacterial', 'antimicrobial', 'antifungal', 'antiviral']"
GILTDTLKGAAKNVAGVLLDKLKCKITGGC,"['antibacterial', 'antimicrobial', 'antifungal', 'antiviral']"
GLMDSLKGLAATAGKTVLQGLLKTASCKLEKTC,"['antibacterial', 'antimicrobial', 'antifungal', 'antiviral']"
ILPFLAGLFSKIL,"['antibacterial', 'antimicrobial', 'antifungal', 'antiviral']"
ILGAILPLVSGLLSNKL,"['antibacterial', 'antimicrobial', 'antifungal', 'antiviral']"
QWGYNSYGYGNYGGYGGYPMYGGYGMNGGYGGGGLLGMFLGKKK,"['antibacterial', 'antimicrobial', 'antifungal', 'antiviral']"
QYGYGPMMGGYGPGMMGGYGPGMMGGYGPGMMGGYGPGMMGGYGMSPMYGGYGMYRPGLLGMLLG,"['antibacterial', 'antimicrobial', 'antifungal', 'antiviral']"
QWGYNSYGGYNSYGNYGGYGGGYNNGYGVNANLGVGGRGG,"['antibacterial', 'antimicrobial', 'antifungal', 'antiviral']"
GLLGTLGNLLNGLGL,"['antibacterial', 'antimicrobial', 'antiviral']"
SGKSFKAGVCPPKKSAQCLRYKKPECQSDWQCPGKKRCCPDTCGIKCLDPVDTPNPTRRKPGKCPVTYGQCLMLNPPNFCEMDGQCKRDLKCCMGMCGKSCVSPVKA,"['antibacterial', 'antifungal', 'antiviral']"
PKRKAEGDAKGDKAKVKDEPQRRSARLSAKPAPPKPEPKPKKAPAKKGEKVPKGKKGKADAGKEGNNPAENGDAKTDQAQKAEGAGDAK,"['antibacterial', 'antifungal', 'antiviral']"
HRPYCGSKGGIGGGHGGGSGGFGGGGGFGGGGLGGGKPIGIGGGGGFGGGSGFGGGVGLKPNVGGGGGFGGGGGGFGGGIGLKPNVGGGGGFGGGIGLKPNVGGGGGFGGGGGGFGGGGGGFGGGFGGGKLIGGGIGWRRWWLCRKQRLRKVNHL,['antiviral']
KPPQFTWAQWFETQHINMTSQQCTNAMQVINNYQRRCKNQNTFLLTTFANVVNVCGNPNMTCPSNKTRKNCHHSGSQVPLIHCNLTTPSPQNISNCRYAQTPANMFYIVACDNRDQRRDPPQYPVVPVHLDRII,"['antiparasitic', 'antiviral']"
LGQTPSQWFAIQHINNNANLQCNVEMQRINRFRRTCKGLNTFLHTSFANAVGVCGNPSGLCSDNISRNCHNSSSRVRITVCNITSRRRTPYTQCRYQPRRSLEYYTVACNPRTPQDSPMYPVVPVHLDGTF,['antiviral']
GMKCKFCCNCCNLNGCGVCCRF,"['antibacterial', 'antiviral']"
SNASVWECCSTGSWVPFTCC,"['antimicrobial', 'antiviral']"
CGESCVFIPCITTVLGCSCSIKVCYKNGSIP,['antiviral']
QGGIASCCRRHSKTQINREHLTHYYEQHRPPCPIKAVVFYVIGGARICADPNKVWTKTSKAFLDGVHYQRQHTSSKVSF,"['antibacterial', 'antiviral']"
QEFYGNCCLGHVKPMKIKGKRIESYRMQETDGDCHISAVVFLIKKKPSHVKQKTICANPQEAWVQELMAAVDSRNPKN,"['antibacterial', 'antiviral']"
SSFSPAAPLPPGTKHPCLPLSCPPCPDEECPTCEILPPCELCPEIHIGCDCPFHHSCLCDQPACPPCDFPFGSLINKGGYRG,['antiviral']
IPLRGAFINGRWDSQCHRFSNGAIACA,['antiviral']
GLVGTLLGHIGKAILGG,['antiviral']
WYQLIRTFGNLIHQKYRKLLEAYRKLRD,"['antibacterial', 'antiviral']"
AQIVKLGGDDGSLAFVPSKISVAAGEAIEFVNNAGFPHNIVFDEDAVPAGVDADAISYDDYLNSKGETVVRKLSTPGVYGVYCEPHAGAGMKMTITVQ,"['antimicrobial', 'antiviral']"
DADIAVWAPPVNAQN,"['antimicrobial', 'antiviral']"
GLDTVSFSTKGATYITYVNFLNELRVKTKPEGNSHGIPSLRKSSDDPGSSFVVAG,"['antimicrobial', 'antiviral']"
VHLEEILLLLFFLGTISLSLCEEERDADEEENEVSGYAANVNVKRCGYKHGRANCGRG,"['antibacterial', 'antimicrobial', 'antifungal', 'antiviral']"
MLHLVVYDISDDGSRARLAKLLEKFGLQRVQYSAFRGELNPNDREVLARQVGKFVRDDRDCIFIIPLCQRCSSTAIVISNTGVELVKEKGVEFV,"['antimicrobial', 'antiviral']"
MFYLISYDISVDQRRLKIAKLLEGYGQRVLESVFECDLELPAYRQLRQKLNRLIKDEEGDRLRIYRLCASCREQIEIIGDGPPPETSQDIYII,"['antimicrobial', 'antiviral']"
MTVKHLIVCYDVEKTKDRNKVIKVLEYYGLIRVQYSVFMGSLTETRLHQMNARIKREFTKPSIKILVIEVCNACMERALLVHEELPKVNRQFEVI,"['antimicrobial', 'antiviral']"
MIWLAVYDIEDDGERAKASAILQAWGFVRVQRSFYVGRMPRGKAADLLKILQRHVKSGHIALIPITDELLAKALELGRPPYAPLKPPKYAQIYVV,"['antimicrobial', 'antiviral']"
MLYLIIYDVPATKAGNKRRTRLFDLLSGYGKWRQFSVFECFLSVKQFAKLQTAMEKLIKLDEDAVCIYVLDENTVQRTITYGTPQPEKPGSIII,"['antimicrobial', 'antiviral']"
MRELYLVIAYDTPDDRRRARLAKLLKGFGERRQYSVFEARLTREQWAHLKGKLEALVNKEEDVLAVYFLPPEAVGRTWRIGHEGLKRLEDPDFV,"['antimicrobial', 'antiviral']"
MRVLYIIAYDITDARRLGQIRYFLKGYSTGGQKSVYECFLEREELKFIISKIKRLINPNEDRVHIFRIDGRSKVITLGIAVPPIDPEYFYIG,"['antimicrobial', 'antiviral']"
MVVIVYVIVAYDVNVERVNRVKKFLRRYLNWVQNSLFEGELSSADLEEVKMGLREIINEDEDMVVIYRFRSADAFKREVMGIEKGLGGEEVI,"['antimicrobial', 'antiviral']"
MQCLVIYDIPNDRARQRVADACLDYGLQRIQYSAFAGNLSRTHQRALFGEITRRVKGHTANVQLFVFDSKTWSDRRILEQQYDDA,"['antimicrobial', 'antiviral']"
MVRLVITYDIRKDKIRNKLFRLLERYGAWKQYSVFELEINPVHKVELFHSIADLIEDTDRVRIYDLCERCQGKITELGEVSPDKMQVVI,"['antimicrobial', 'antiviral']"
MILIYDINTEDNDGKRRLVKIMKTSRKYLSHVQKSVFEGDITEGQISLLKKEIMAIVNMKKDFVIIYSLRDGVKLNREILTDTPDPTDNFL,"['antimicrobial', 'antiviral']"
MYVVVAYDITEDEVRNKVADALKAYGLERIQRSVFVGRINPALLKDLVERLKRITKGANADITIFKVDRRAIDTAIRIGPPPPARKNVDLY,"['antimicrobial', 'antiviral']"
MKLLVVYDVSDDSKRNKLANNLKKLGLERIQRSAFEGDIDSQRVKDLVRVVKLIVDTNTDIVHIIPLGIRDWERRIVIGREGLEEWLV,"['antimicrobial', 'antiviral']"
MDFWLVCYDVRDDKRRRKLAKLLEQRCQRVQYSVFECPLPEKVLTDLLHRRWLKELNLKEDSLRAYPLQRQSRSQAKIFGSPDLYEPPDFLIL,"['antimicrobial', 'antiviral']"
MGKRLYAVAYDIPDDTRRVKLANLLKSYGERVQLSVFECYLDERLLEDLRRRARRLLDLGQDALRIYPVAGQVEVLGVGPLPELREVQVL,"['antimicrobial', 'antiviral']"
MRLPYLVCYDISDEGRLNRVYRFMKGKGFHIQYSVFYCILTDVELKEMKAEILKLIHSRYDDVRIYPLPNNSLVAVLGVGDRIPDGVEVFY,"['antimicrobial', 'antiviral']"
MKMFTVISYDIVDDQRRTSVMKVLKGYGVRVQYSVFEAILDAREFHDLSNQLRKIIDPGQDSIRCYRLDQVAAQRTVIYGIGLTTTDPTHYMV,"['antimicrobial', 'antiviral']"
MLIIVTYDVSTETRAGRKRLRRVAKLCESIGQRVQKSVFECRINLMQYEELERRLLSEIDEQEDNLRLYRLTEPAELHVKEYGNFKAIDFEGPLTI,"['antimicrobial', 'antiviral']"
MILVTYDVNTVEPGGRRRLRQVAKACQDYGQRVQNSVFEVEVDPARWVALKARLEAIIDPALDSLRYYDLGANWQRRVDHVGAKPAVDLHGPLIL,"['antimicrobial', 'antiviral']"
MFLYVIAYDIPDDRRRKKMADLLEGYGQRVQYSVFECTLSKSKFNELQKRLRKIYQSEEDSLRFYPLSGHTLTQVDIWGEPPLTKPPGSVIV,"['antimicrobial', 'antiviral']"
MPYLIVTYDIAEERVNKVRKILKKYFMWVQNSVFEGEITEGKLLKCKLELEKVIDKEVDSVYFYSLENRLNYRKTVLGIEKEITGNIL,"['antimicrobial', 'antiviral']"
MVYVLIAYDISNDSKRLKAAQKLLQMGFARVQKSVYIAKGGRSLAKEAYRALQRLADSGKDKIMVMVIPGDSVRDAYGLGGSLEDGKRVVVV,"['antimicrobial', 'antiviral']"
MSSRLAVFAYDIRDDRVRRHALKTLREWRLDGQLSVHECQVDAIQARRLFEQLGDELDPATDAWLFTWVEGHRAVLARGKGRTTALQDGLLLAA,"['antimicrobial', 'antiviral']"
MLVLITYDVQTSSMGGTKRLRKVAKACQNYGQRVQNSVFECIVDSTQLTSLKLELTSLIDEEKDSLRIYRLGNNYKTKVEHIGAKPSIDLEDPLIF,"['antimicrobial', 'antiviral']"
MLVLVTYDVNTETPAGRRRLRRIAKTCQNYGQRVQFSVFECNVDPAQWVKLRSKLLNEMDPKLDSLRFYFLGSNWQGRVEHEGAKEPRDLEGTLIL,"['antimicrobial', 'antiviral']"
MYVIMVYDVNQRRINKVLNTARKYLEWIQNSVLEGEITEAKFEMLKREIEIIINEEEDSVIFYIMRTTKYSERQILGIEKNKREQIL,"['antimicrobial', 'antiviral']"
MSMLVVVTENVPPRLRGRLAIWLLEVRAGVYVGDVSAKIREMIWEQIAGLAEEGNVVMAWATNTETGFEFQTFGLNRRTPVDLDGLRLVSFLPV,"['antimicrobial', 'antiviral']"
MFVVLVYDTAAERNPNALRTCRKYLHWVQRSVFEGELSAAQYRALMTTLRDQLDLTYDSIRVYRTRSPALVETEWLGVPLGNQDSVL,"['antimicrobial', 'antiviral']"
MEHLYIVSYDIRNQRRWRRLFKTMHGFGCWLQLSVFQCRLDRIRIIKMEAAINEIVNHAEDHVLILDLGPAENVKPKVSSIGKTFDPILRQAVIV,"['antimicrobial', 'antiviral']"
MPYVVVFYDVSDNKRRDLLAKTLQSLGLVRVQRSVFMGRGGYTKAKEAIRAASRIVDARTDSVVALVVPEDYARRMLVYGGIMSDPKQKQAVRVV,"['antimicrobial', 'antiviral']"
MRGGNLKVLVVYDITDDSLRLKVAEILKDLGLFRIQKSAFIGEMTSQERENMEEILRRQNLGPSDRIDVFPICDRDLKMHSQIGRGKFGRGPP,"['antimicrobial', 'antiviral']"
MKHWRLVSYDIREPKRLRRVAKIMEGFGERIQYSVFRIYSTDKELEKLRWKLAKVTEEEDNIFYLTLCTKCASGAHTQEKKSAWPEAPKTLKIL,"['antimicrobial', 'antiviral']"
MYVVIVYDVGVERVNKVRSFLREYMNWVQNSVFEGELTKAEFLKIKSRLKELIQESSDHIIFYSSRDRKYLGIEDLGTPKADTSNII,"['antimicrobial', 'antiviral']"
MAVFLIAYDLVNERRGTHDYQPLWDELKRLGAHRTQFSLWLVSANNTTAEVRQHFQQFVDSNDRIWVTRLRKSQYDYANAIGGTNNWLSNNPPEA,"['antimicrobial', 'antiviral']"
MKVLVSFEIKFKTNKEKIISILKHFGFRRMQENLYFGDVEYDELYAMQSDIMENIREYDSILTIPICKSCYLKLNVFGRNLSFKDELYKIF,"['antimicrobial', 'antiviral']"
MVVTVYLLIVYDVGVERVNRVKSYLRTELHWVQNSVFEGEVTESQFRRIETNLERIIDRERDSVIIYSFRSERAMNRNVLGLEKSPLDVIL,"['antimicrobial', 'antiviral']"
MAEPRRWYLITYDIRDPKRWRKVHALLKGYGEWLQLSVFRCSLTDRDREKLRWELSRRMDAVDTLLVIGLCGGCVERVRAINAKEDWPEEPAPFKVL,"['antimicrobial', 'antiviral']"
MQYKINMYAIVVYDVNVSRQNQIREFLRKYLYHVQRSVFEGEISPSSLYYMKKILQSYIGETDSLIIYVLRDKSCLMDKIVLGEDKDLQIY,"['antimicrobial', 'antiviral']"
MYIVVVYDVGVERVNKVKKFLRMHLNWVQNSVFEGEVTLAEFERIKEGLKKIIDENSDSVIIYKLRSMPPRETLGIEKNPIEEII,"['antimicrobial', 'antiviral']"
MYVIMVYDVNEKRVAKILKIARKYLKWVQNSVLEGELSPGKYEKLKLEVSRLIDEKEDSVRFYVMDSQKVFNLETLGVEKGEDGFIF,"['antimicrobial', 'antiviral']"
MIVIVAYDISDEDRRGRLRRYLRRLGLARVNRSVYAGPGTATTAELVAERAKEIVEEGDSVFVIVVREDEYQRAHVFDGRDYYIVSERKYEVY,"['antimicrobial', 'antiviral']"
MYILITYDVSTETEAGKKRLRKVAQVCKDFGQRVQKSVFECSVNEAQFEQLKHRLLQCIDEKSDSLRIYRLREPAKKYIQEYGVNLTIDFDAPLVL,"['antimicrobial', 'antiviral']"
SALYALYDFSPPARKMRAYTVRAYVHGSYSRRGPWYDFEPVPGASMDGL,"['antimicrobial', 'antiviral']"
QGRMYQRFLRQHVDPDETGGNDHYLNLSRRNIQCPNRHEGVRFNTDIHEDLTNRRPIDEHEGVVRVTDKTEEG,"['antimicrobial', 'antiviral']"
GSPRTEYEACRVRCQVAEHGVERQRRCQQVCEKRLREREGRRE,"['antimicrobial', 'antiviral']"
FLFNVIPHAINATASLIKK,"['antimicrobial', 'antiviral']"
FLVGILPRMRGFITPFLKKVR,"['antimicrobial', 'antiviral']"
ITCPQVTQSLAPCVPYLISG,"['antifungal', 'anticancer', 'antiviral']"
ANSVACRDGLRAQAECRNTTHLLQRQLTRTQDSLLQAETQANSCNLTVVTLQESLEKKVSQALEQQARIKELENEVTKLNQELENLRIQKETSSTVQVN,['antiviral']
APMGSDPPTACCASYTARKLPRNFVVDYYETSSLCSQPAVVFQTKRSKQVCADPSESWVQEYVYDLELN,['antiviral']
APQSITELCSEYHNTQIYTINDKILSYTESMAGKREMVIITFKSGATFQVEVPGSQHIDSQKKAIERMKDTLRITYLTETKIDKLCVWNNKTPNSIAAISMEKLYAGAVVNDL,['antiviral']
APTLEINTITFDVGNATINKYATFMKSIHNQAKDPTLKCYGIPMLPNTNLTPKYLLVTLQDSSLKTITLMLKRNNLYVMGYADTYNGKCRYHIFKDISNTTERNDVMTTLCPNPSSRVGKNINYDSSYPALEKKVGRPRSQVQLGIQILNSGIGKIYGVDSFTEKTEAEFLLVAIQMVSEAARFKYIENQVKTNFNRAFYPNAKVLNLEESWGKISTAIHNAKNGALTSPLELKNANGSKWIVLRVDDIEPDVGLLKYVNGTCQAT,['antiviral']
ATAYTLNLANPSASQYSSFLDQIRNNVRDTSLIYGGTDVAVIGAPSTTDKFLRLNFQGPRGTVSLGLRRENLYVVAYLAMDNANVNRAYYFKNQITSAELTALFPEVVVANQKQLEYGEDYQAIEKNAKITTGDQSRKELGLGINLLITMIDGVNKKVRVVKDEARFLLIAIQMTAEAARFRYIQNLVTKNFPNKFDSENKVIQFQVSWSKISTAIFGDCKNGVFNKDYDFGFGKVRQAKDLQMGLLKYLGRPKS,['antiviral']
CDLPQTHSLGSRRTLMLLAQMRKISLFSCLKDRHDFGFPQEEFGNQFQKAETIPVLHEMIQQIFNLFSTKDSSAAWDETLLDKFYTELYQQLNDLEACVIQGVGVTETPLMKEDSILAVRKYFQRITLYLKEKKYSPCAWEVVRAEIMRSFSLSTNLQESLRSKE,['antiviral']
CGETCFTGTCYTNGCTCDPWPVCTRNGLPV,['antiviral']
EDENEKMFFLIDKVNAFNQDITALMQGEETVGEEDIRLFTRLRHEFHKWSTIIENNFQEGHKILSRKIQKFENQYRGRELPGFVNYRTFETIVKQQIKALEEPAVDMLHTVTDMVRLAFTDVSIKNFEEFFNLHRTAKSKIEDIRAEQEREGEKLIRLHFQMEQIVYCQDQVYRGALQKVREKELEEEKKKKSWDFGAFQSSSATDSSMEEIFQHLMAYHQEASKRISSHIPLIIQFFMLQTYGQQLQKAMLQLLQDKDTYSWLLKERSDT,['antiviral']
EPDSVSIPITCCFNVINRKIPIQRLESYTRITNIQCPKEAVIFKTQRGKEVCADPKERWVRDSMKHLDQIFQNLKP,['antiviral']
GHHHHHHIEGRLGKFSQTCYNSAIQGSVLTSTCERTNGGYNTSSIDLNSVIENVDGSLKWQPSNFIETCRNTQLAGSSELAAECKTRAQQFVSTKINLDDHIANIDGTLKYEGGSGGGGSGGLGKFSQTCYNSAIQGSVLTSTCERTNGGYNTSSIDLNSVIENVDGSLKWQPSNFIETCRNTQLAGSSELAAECKTRAQQFVSTKINLDDHIANIDGTLKYE,['antiviral']
GPLGMADPGVCCFITKILCAHGGRMTLEELLGEIRLPEAQLYELLETAGPDRFVLLETGGQAGITRSVVATTRARVCRRKYCQRPCDSLHLCKLNLLGRCHYAQSQRNLCKYSHDVLSEQNFQILKNHELSGLNQEELACLLVQSDPFFLPEICKSYKGEGRKQTCGQPQPCERLHICEHFTRGNCSYLNCLRSHNLMDRKVLTIMREHGLSPDVVQNIQDICNNKHAR,['antiviral']
GPLGSPEFELGTTEILRHSMDPPTFTFNFNNEPWVRGRHETYLCYEVERMHNDTWVKLNQRRGFLANQAPHKHGFLEGRHAELCFLDVIPFWKLDLDQDYRVTCFTSWSPCFSCAQEMAKFISKNKHVSLCIKTARIYDDQGRAQEGLRTLAEAGAKISIMTYSEFKHCWDTFVDHQGAPFQPWDGLDEHSQDLSGRLRAILQNQEN,['antiviral']
GPLGSPEFPGMSKVFIATANAGKAHDADIFSVSACNSFTVSCSGDGYLKVWDNKLLDNENPKDKSYSHFVHKSGLHHVDVLQAIERDAFELCLVATTSFSGDLLFYRITREDETKKVIFEKLDLLDSDMKKHSFWALKWGASNDRLLSHRLVATDVKGTTYIWKFHPFADESNSLTLNWSPTLELQGTVESPMTPSQFATSVDISERGLIATGFNNGTVQISELSTLRPLYNFESQHSMINNSNSIRSVKFSPQGSLLAIAHDSNSFGCITLYETEFGERIGSLSVPTHSSQASLGEFAHSSWVMSLSFNDSGETLCSAGWDGKLRFWDVKTKERITTLNMHCDDIEIEEDILAVDEHGDSLAEPGVFDVKFLKKGWRSGMGADLNESLCCVCLDRSIRWFREAGGK,['antiviral']
GSFTMDDISPSELKTILHSKRANLYYLQHCRVLVNGGRVEYVTDEGRHSHYWNIPIANTTSLLLGTGTSITQAAMRELARAGVLVGFCGGGGTPLFSANEVDVEVSWLTPQSEYRPTEYLQRWVGFWFDEEKRLVAARHFQRARLERIRHSWLEDRVLRDAGFAVDATALAVAVEDSARALEQAPNHEHLLTEEARLSKRLFKLAAQATRYGEFVRAKRGSGGDPANRFLDHGNYLAYGLAATATWVLGIPHGLAVLHGKTRRGGLVFDVADLIKDSLILPQAFLSAMRGDEEQDFRQACLDNLSRAQALDFMIDTLKDVAQRSTVSA,['antiviral']
GSHMSFHVTAEDARIEVRDNRTILFARLRREDGEWNDASYELDQIIGNNDGHFQWGGQNFTETAEDIRFHPKEGAAEQPILRARLRDCNGEFHDRDVNLTEIVENVNGEFQAKF,['antiviral']
GSHMSYADSSRNAVLTNGGRTLRAECRNADGNWVTSELDLDTCIGNPNGFLGWGMQNFSHSSEDIKLEEGGRKLTCRPKTVDGGFRERQGIDLNRIQNVNGRLVFQ,['antiviral']
GSSHHHHHHSSGLVPRGSLTHRKFGGSGGSPFSGLSSIAVRSGSYLDAIIIDGVHHGGSGGNLSPTFTFGSGEYISNMTIRSGDYIDNISFETNMGRRFGPYGGSGGSANTLSNVKVIQINGSAGDYLDSLDIYYEQY,['antiviral']
KRSKLLLGIGILVLLIIVILGVPLIIFTIKKKKKK,['antiviral']
LGASWHRPDKCCLGYQKRPLPQVLLSSWYPTSQLCSKPGVIFLTKRGRQVCADKSKDWVKKLMQQLPVTAR,['antiviral']
LGNFSQACYNSAIQGSVLTSTCIRTNGGYNTSSIDLNSVIENVDGSLKWQGSNFIETCRNTQLAGSSELAAECKTRAQQFVSTKINLDDHIAAIDGTLKYELEHHHHHH,['antiviral']
MAGSREVVAMDCEMVGLGPHRESGLARCSLVNVHGAVLYDKFIRPEGEITDYRTRVSGVTPQHMVGATPFAVARLEILQLLKGKLVVGHDLKHDFQALKEDMSGYTIYDTSTDRLLWREAKLDHCRRVSLRVLSERLLHKSIQNSLLGHSSVEDARATMELYQISQRIRARRGLPRLAVSDLEHHHHHH,['antiviral']
MASQEPAAPAAEATPAGEAPASEAPAAEAAPADAAEAPAAGNCAATVESNDNMQFNTKDIQVSKACKEFTITLKHTGTQPKASMGHNLVIAKAEDMDGVFKDGVGAADTDYVKPDDARVVAHTKLIGGGEESSLTLDPAKLADGDYKFACTFPGHGALMNGKVTLVD,['antiviral']
MDVSFRLSGATSSSYGVFISNLRKALPNERKLYDIPLLRSSLPGSQRYALIHLTNYADETISVAIDVTNVYIMGYRAGDTSYFFNEASATEAAKYVFKDAMRKVTLPYSGNYERLQTAAGKIRENIPLGLPALDSAITTLFYYNANSAASALMVLIQSTSEAARYKFIEQQIGAAVDATFLPSLAIISLENSWSALSKQIQIASTNNGQFESPVVLINAQNQRVTITNVDAGVVTSNIALLLNRNNMA,['antiviral']
MELRHTPARDLDKFIEDHLLPNTCFRTQVKEAIDIVCRFLKERCFQGTADPVRVSKVVKGGSSGKGTTLRGRSDADLVVFLTKLTSFEDQLRRRGEFIQEIRRQLEACQREQKFKVTFEVQSPRRENPRALSFVLSSPQLQQEVEFDVLPAFDALGQWTPGYKPNPEIYVQLIKECKSRGKEGEFSTCFTELQRDFLRNRPTKLKSLIRLVKHWYQTCKKTHGNKLPPQYALELLTVYAWEQGSRKTDFSTAQGFQTVLELVLKHQKLCIFWEAYYDFTNPVVGRCMLQQLKKPRPVILDPADPTGNVGGGDTHSWQRLAQEARVWLGYPCCKNLDGSLVGAWTMLQKI,['antiviral']
MGHHHHHHSHMADNMTTTQIEVGPGATNATINFEAGILECYERFSWQRALDYPGQDRLHRLKRKLESRIKTHNKSEPENKRMSLEERKAIGVKMMKVLLFMDPSAGIEGFEPY,['antiviral']
MHHHHHHMISGSVRFLVNLESLNGVESIGNLTKHRTAPVVLKTSTGYLVRYVPVISGEALAHAYQASLVDIAKKEGLPVGSLSSQYEFIKFSTDEALKIEGIKEPKDYNDARRFEVEVMLKDVIADVGGFMYAGGAPVRRTSRIKLGYMIPALRGDEIPAQLEAQFHVRFSNKPVSGSQAIFNVEVSSALYTFSFELDEDLIAVPSTFGEKVKGEEELERQKAKRVKSAIKALYSLLSGNFGGKRSRFLPSMKLMSLVVTKTDFPFMPEPAHDDDYIKTTIMRLGKAKGVLNGNLAKAYVINNEGIEVGEGVTVLSTVEDLVVKLEEE,['antiviral']
MHHHHHHMKSYFVTMGFNETFLLRLLNETSAQKEDSLVIVVPSPIVSGTRAAIESLRAQISRLNYPPPRIYEIEITDFNLALSKILDIILTLPEPIISDLTMGMRMINTLILLGIIVSRKRFTVYVRDEGGGSRVISFNDNTIRALMRDYSREEMKLLNVLYETKGTGITELAKMLDKSEKTLINKIAELKKFGILTQKGKDRKVELNELGLNVIKLNKSVIESSKSSEELVKENKGKEVNIPY,['antiviral']
MNTIHHHHHHNTSMKIEEGKLVIWINGDKGYNGLAEVGKKFEKDTGIKVTVEHPDKLEEKFPQVAATGDGPDIIFWAHDRFGGYAQSGLLAEITPDKAFQDKLYPFTWDAVRYNGKLIAYPIAVEALSLIYNKDLLPNPPKTWEEIPALDKELKAKGKSALMFNLQEPYFTWPLIAADGGYAFKYENGKYDIKDVGVDNAGAKAGLTFLVDLIKNKHMNADTDYSIAEAAFNKGETAMTINGPWAWSNIDTSKVNYGVTVLPTFKGQPSKPFVGVLSAGINAASPNKELAKEFLENYLLTDEGLEAVNKDKPLGAVALKSYEEELAKDPRIAATMENAQKGEIMPNIPQMSAFWYAVRTAVINAASGRQTVDEALKDAQTRITAARDGLRAVMEARNVTHLLQQELTEAQKGFQDVEAQAATANHTVMALMASLDAEKAQGQKKVEELEGEITTLNHKLQDASAEVERLRR,['antiviral']
MQCNFANSCTGVELYGYILRGDCINEDGHPHATSINLNYYIGNDNGRLEYPGESFGSSCVKTALNDGHTLTASCKGADGQYHDSSMDLNYVVGNSYGYMEPCRASNADHVLKSSSELEHHHHHH,['antiviral']
MSTNKVNKERTFLAVKPDGVARGLVGEIIARYEKKGFVLVGLKQLVPTKDLAESHYAEHKERPFFGGLVSFITSGPVVAMVFEGKGVVASARLMIGVTNPLASAPGSIRGDFGVDVGRNIIGGSDSVESANREIALWFKPEELLTEVKPNPNLYE,['antiviral']
MTGDCMPVLVLMAAVLTVTGAVPVARLRGALPDARGCHIAQFKSLSPQELQAFKRAKDALEESLLLKDCKCRSRLFPRTWDLRQLQVRERPVALEAELALTLKVLEATADTDPALGDVLDQPLHTLHHILSQLRACIQPQPTAGPRTRGRLHHWLHRLQEAPKKESPGCLEASVTFNLFRLLTRDLNCVASGDLCV,['antiviral']
NIVFDVENATPETYSNFLTSLREAVKDKKLTCHGMIMATTLTEQPKYVLVDLKFGSGTFTLAIRRGNLYLEGYSDIYNGKCRYRIFKDSESDAQETVCPGDKSKPGTQNNIPYEKSYKGMESKGGARTKLGLGKITLKSRMGKIYGKDATDQKQYQKNEAEFLLIAVQMVTEASRFKYIENKVKAKFDDANGYQPDPKAISLEKNWDSVSKVIAKVGTSGDSTVTLPGDLKDENNKPWTTATMNDLKNDIMALLTHVTCKVK,['antiviral']
SAQFASVTIRNAQTGRLLDSNYNGNVYTLPANGGNYQRWTGPGDGTVRNAQTGRCLDSNYDGAVYTLPCNGGSYQKWLFYSNGYIQNVETGRVLDSNYNGNVYTLPANGGNYQKWYTG,['antiviral']
SMNSNMGSDSGTMGSDSDEENVAARASPEPELQLRPYQMEVAQPALEGKNIIICLPTGSGKTRVAVYIAKDHLDKKKKASEPGKVIVLVNKVLLVEQLFRKEFQPFLKKWYRVIGLSGDTQLKISFPEVVKSCDIIISTAQILENSLLNLENGEDAGVQLSDFSLIIIDECHHTNKEAVYNNIMRHYLMQKLKNNRLKKENKPVIPLPQILGLTAS,['antiviral']
SVQARWEAAFDLDLY,['antiviral']
